{"stat.walkOneCm":164100,"stat.pickup.minecraft.bone":10,"stat.useItem.minecraft.fish":5,"stat.leaveGame":4,"stat.pickup.minecraft.arrow":11,"stat.pickup.charm.totem_of_returning":1,"stat.mineBlock.minecraft.double_plant":3,"stat.pickup.srparasites.weapon_sword_sentient":1,"stat.pickup.securitycraft.sentry":4,"stat.killEntity.ZombieVillager":1,"stat.pickup.srparasites.lurecomponent2":2,"stat.useItem.securitycraft.sentry":1,"stat.pickup.minecraft.string":4,"stat.useItem.minecraft.cooked_fish":15,"stat.drop.securitycraft.keycard_lv4":1,"stat.useItem.minecraft.mutton":4,"stat.jump":562,"stat.swimOneCm":533,"stat.fallOneCm":29678,"stat.pickup.minecraft.beef":6,"stat.entityKilledBy.Skeleton":3,"stat.useItem.srparasites.weapon_sword":65,"stat.pickup.minecraft.tallgrass":1,"stat.pickup.securitycraft.keycard_lv4":2,"stat.crouchOneCm":442,"stat.pickup.securitycraft.keycard_lv3":1,"stat.pickup.securitycraft.keycard_lv2":1,"stat.pickup.minecraft.ender_pearl":16,"stat.pickup.minecraft.sapling":2,"stat.pickup.minecraft.dirt":1,"stat.sprintOneCm":43989,"stat.useItem.minecraft.stone_slab2":2,"stat.pickup.minecraft.gold_ingot":64,"stat.pickup.minecraft.rotten_flesh":9,"stat.killEntity.Skeleton":5,"stat.drop.minecraft.fish":1,"stat.entityKilledBy.Spider":1,"stat.pickup.minecraft.splash_potion":1,"stat.pickup.minecraft.grass":1,"stat.damageTaken":15105,"stat.pickup.minecraft.leather":6,"stat.pickup.minecraft.bucket":1,"stat.pickup.srparasites.weapon_sword":4,"stat.mobKills":30,"stat.pickup.srparasites.assimilated_flesh":1,"stat.mineBlock.minecraft.log":1,"stat.flyOneCm":156843,"stat.deaths":15,"stat.pickup.minecraft.wheat_seeds":5,"stat.drop":2,"stat.pickup.minecraft.diamond":64,"stat.mineBlock.minecraft.leaves":1,"stat.playOneMinute":46184,"stat.pickup.minecraft.fish":65,"stat.entityKilledBy.Zombie":4,"stat.killEntity.Sheep":6,"stat.sneakTime":401,"stat.pickup.minecraft.wool":1,"stat.damageDealt":3604,"stat.sleepInBed":4,"stat.killEntity.Zombie":3,"stat.timeSinceDeath":4675,"stat.pickup.minecraft.cooked_fish":244,"stat.killEntity.Cow":3,"stat.mineBlock.minecraft.dirt":1,"stat.mineBlock.minecraft.tallgrass":27,"stat.pickup.minecraft.mutton":10}