{"stat.pickup.minecraft.bone":1,"stat.killEntity.quark:crab":2,"stat.leaveGame":1,"stat.useItem.minecraft.glass_bottle":7,"stat.useItem.minecraft.potion":6,"stat.jump":230,"stat.swimOneCm":1250,"stat.pickup.minecraft.coal":25,"stat.fallOneCm":5351,"stat.pickup.minecraft.porkchop":3,"stat.crouchOneCm":761,"stat.craftItem.minecraft.torch":20,"stat.useItem.quark.crab_leg":2,"stat.craftingTableInteraction":6,"stat.damageTaken":178,"stat.craftItem.minecraft.wooden_button":2,"stat.craftItem.minecraft.stone_pickaxe":1,"stat.useItem.minecraft.wooden_pickaxe":18,"stat.pickup.minecraft.cobblestone":25,"stat.craftItem.minecraft.stone_sword":1,"stat.flyOneCm":29107,"stat.pickup.minecraft.glass_bottle":1,"stat.useItem.minecraft.stone_pickaxe":17,"stat.useItem.minecraft.stone_sword":1,"stat.pickup.quark.tallow":1,"stat.damageDealt":309,"stat.timeSinceDeath":20480,"stat.useItem.minecraft.crafting_table":2,"stat.craftItem.minecraft.wooden_pickaxe":1,"stat.killEntity.Pig":1,"stat.walkOneCm":27164,"stat.useItem.minecraft.torch":3,"stat.pickup.minecraft.crafting_table":2,"stat.craftItem.minecraft.crafting_table":2,"stat.mineBlock.minecraft.coal_ore":25,"stat.pickup.srparasites.lurecomponent1":2,"stat.pickup.minecraft.log":9,"stat.pickup.quark.crab_leg":2,"stat.pickup.minecraft.sapling":2,"stat.sprintOneCm":10689,"stat.craftItem.minecraft.stick":16,"stat.craftItem.minecraft.wooden_axe":1,"stat.craftItem.minecraft.planks":36,"stat.mineBlock.minecraft.crafting_table":2,"stat.mobKills":3,"stat.mineBlock.minecraft.log":8,"stat.playOneMinute":20480,"stat.pickup.minecraft.torch":3,"stat.sneakTime":1101,"stat.useItem.minecraft.wooden_axe":2,"stat.mineBlock.minecraft.stone":8,"stat.mineBlock.minecraft.tallgrass":3,"stat.diveOneCm":12278}