{"stat.walkOneCm":117628,"stat.pickup.minecraft.bone":4,"stat.leaveGame":4,"stat.pickup.minecraft.arrow":5,"stat.pickup.securitycraft.sentry":3,"stat.pickup.minecraft.string":4,"stat.drop.securitycraft.keycard_lv4":1,"stat.useItem.minecraft.mutton":4,"stat.jump":344,"stat.swimOneCm":162,"stat.fallOneCm":23875,"stat.entityKilledBy.Skeleton":3,"stat.pickup.securitycraft.keycard_lv4":2,"stat.crouchOneCm":77,"stat.pickup.securitycraft.keycard_lv3":1,"stat.pickup.securitycraft.keycard_lv2":1,"stat.pickup.minecraft.ender_pearl":16,"stat.pickup.minecraft.sapling":1,"stat.sprintOneCm":31455,"stat.useItem.minecraft.stone_slab2":1,"stat.pickup.minecraft.gold_ingot":64,"stat.killEntity.Skeleton":2,"stat.entityKilledBy.Spider":1,"stat.damageTaken":3300,"stat.mobKills":5,"stat.mineBlock.minecraft.log":1,"stat.flyOneCm":54767,"stat.deaths":12,"stat.pickup.minecraft.wheat_seeds":2,"stat.drop":1,"stat.pickup.minecraft.diamond":64,"stat.mineBlock.minecraft.leaves":1,"stat.playOneMinute":33953,"stat.entityKilledBy.Zombie":4,"stat.killEntity.Sheep":2,"stat.sneakTime":107,"stat.pickup.minecraft.wool":1,"stat.damageDealt":466,"stat.sleepInBed":2,"stat.timeSinceDeath":0,"stat.mineBlock.minecraft.tallgrass":15,"stat.pickup.minecraft.mutton":4}