{"stat.useItem.minecraft.glass_bottle":28,"stat.pickup.minecraft.stone_pickaxe":4,"stat.drop.minecraft.red_mushroom":1,"stat.pickup.minecraft.stone_axe":1,"stat.useItem.minecraft.potion":18,"stat.craftItem.minecraft.coal":11,"stat.useItem.minecraft.rotten_flesh":2,"stat.jump":613,"stat.swimOneCm":19671,"stat.useItem.minecraft.sand":11,"stat.pickup.minecraft.coal":42,"stat.fallOneCm":15785,"stat.pickup.minecraft.cooked_porkchop":8,"stat.useItem.minecraft.stone_axe":87,"stat.pickup.minecraft.porkchop":4,"stat.craftItem.minecraft.bread":11,"stat.crouchOneCm":2421,"stat.pickup.minecraft.dirt":7,"stat.useItem.minecraft.dirt":3,"stat.pickup.minecraft.red_mushroom":3,"stat.useItem.minecraft.stone_slab2":13,"stat.craftingTableInteraction":18,"stat.pickup.minecraft.rotten_flesh":2,"stat.pickup.minecraft.sand":139,"stat.craftItem.minecraft.furnace":1,"stat.pickup.minecraft.stone_shovel":1,"stat.craftItem.minecraft.stone_axe":1,"stat.pickup.minecraft.wooden_pickaxe":4,"stat.damageTaken":1811,"stat.craftItem.minecraft.stone_pickaxe":1,"stat.mineBlock.minecraft.red_flower":1,"stat.mineBlock.minecraft.furnace":1,"stat.mineBlock.minecraft.torch":1,"stat.useItem.minecraft.wooden_pickaxe":21,"stat.useItem.minecraft.reeds":4,"stat.pickup.minecraft.cobblestone":26,"stat.pickup.srparasites.assimilated_flesh":6,"stat.pickup.minecraft.planks":10,"stat.useItem.minecraft.stone_shovel":22,"stat.pickup.minecraft.reeds":5,"stat.pickup.minecraft.iron_leggings":6,"stat.craftItem.minecraft.stone_sword":1,"stat.flyOneCm":106453,"stat.craftItem.minecraft.glass_bottle":18,"stat.pickup.minecraft.bed":1,"stat.pickup.minecraft.glass_bottle":28,"stat.pickup.minecraft.wheat_seeds":76,"stat.mineBlock.minecraft.sand":40,"stat.pickup.minecraft.potato":32,"stat.pickup.srparasites.canisteractive":3,"stat.pickup.minecraft.fish":2,"stat.useItem.minecraft.stone_pickaxe":6,"stat.useItem.minecraft.stone_sword":18,"stat.pickup.quark.tallow":8,"stat.damageDealt":1433,"stat.craftItem.minecraft.glass":18,"stat.sleepInBed":3,"stat.timeSinceDeath":3034,"stat.craftItem.minecraft.baked_potato":2,"stat.mineBlock.minecraft.dirt":4,"stat.craftItem.minecraft.wooden_pickaxe":1,"stat.killEntity.Pig":2,"stat.craftItem.minecraft.stone_shovel":1,"stat.walkOneCm":116540,"stat.useItem.minecraft.bread":4,"stat.useItem.minecraft.potato":12,"stat.pickup.minecraft.stick":3,"stat.pickup.minecraft.crafting_table":4,"stat.useItem.minecraft.log":10,"stat.useItem.minecraft.cobblestone":2,"stat.furnaceInteraction":21,"stat.craftItem.minecraft.crafting_table":2,"stat.useItem.minecraft.cooked_porkchop":1,"stat.pickup.srparasites.lurecomponent2":2,"stat.mineBlock.srparasites.canisteractive":1,"stat.pickup.srparasites.lurecomponent1":2,"stat.talkedToVillager":1,"stat.pickup.minecraft.log":253,"stat.pickup.minecraft.furnace":6,"stat.craftItem.minecraft.stone_slab2":0,"stat.pickup.minecraft.leather_helmet":3,"stat.pickup.minecraft.sapling":7,"stat.sprintOneCm":72830,"stat.craftItem.minecraft.stick":12,"stat.drop.minecraft.potion":6,"stat.pickup.minecraft.beetroot":8,"stat.craftItem.minecraft.planks":36,"stat.pickup.minecraft.potion":20,"stat.useItem.minecraft.wheat_seeds":40,"stat.mineBlock.minecraft.crafting_table":2,"stat.killEntity.Husk":1,"stat.pickup.minecraft.stone_sword":3,"stat.mobKills":9,"stat.mineBlock.minecraft.log":76,"stat.deaths":7,"stat.mineBlock.minecraft.planks":1,"stat.drop":7,"stat.mineBlock.minecraft.leaves":5,"stat.pickup.minecraft.beetroot_seeds":45,"stat.playOneMinute":34914,"stat.pickup.minecraft.torch":25,"stat.pickup.minecraft.red_flower":5,"stat.sneakTime":1340,"stat.mineBlock.minecraft.brown_mushroom_block":1,"stat.pickup.minecraft.item_frame":4,"stat.mineBlock.minecraft.stone":20,"stat.mineBlock.minecraft.tallgrass":6,"stat.diveOneCm":26621,"stat.useItem.minecraft.beetroot":5,"stat.pickup.minecraft.wheat":67}