{"stat.walkOneCm":23603,"stat.pickup.minecraft.bone":2,"stat.leaveGame":1,"stat.pickup.minecraft.arrow":1,"stat.pickup.securitycraft.sentry":1,"stat.pickup.minecraft.string":2,"stat.drop.securitycraft.keycard_lv4":1,"stat.useItem.minecraft.mutton":2,"stat.jump":231,"stat.swimOneCm":162,"stat.fallOneCm":15726,"stat.entityKilledBy.Skeleton":2,"stat.pickup.securitycraft.keycard_lv4":2,"stat.crouchOneCm":77,"stat.pickup.securitycraft.keycard_lv3":1,"stat.pickup.securitycraft.keycard_lv2":1,"stat.pickup.minecraft.ender_pearl":16,"stat.pickup.minecraft.sapling":1,"stat.sprintOneCm":18620,"stat.pickup.minecraft.gold_ingot":64,"stat.killEntity.Skeleton":1,"stat.entityKilledBy.Spider":1,"stat.damageTaken":2275,"stat.mobKills":3,"stat.mineBlock.minecraft.log":1,"stat.flyOneCm":39715,"stat.deaths":8,"stat.pickup.minecraft.wheat_seeds":2,"stat.drop":1,"stat.pickup.minecraft.diamond":64,"stat.mineBlock.minecraft.leaves":1,"stat.playOneMinute":14049,"stat.entityKilledBy.Zombie":4,"stat.killEntity.Sheep":1,"stat.sneakTime":107,"stat.pickup.minecraft.wool":1,"stat.damageDealt":365,"stat.sleepInBed":2,"stat.timeSinceDeath":3760,"stat.mineBlock.minecraft.tallgrass":13,"stat.pickup.minecraft.mutton":2}