{"stat.walkOneCm":13693,"stat.useItem.minecraft.torch":3,"stat.killEntity.quark:crab":2,"stat.craftItem.minecraft.planks":36,"stat.pickup.minecraft.crafting_table":2,"stat.damageTaken":178,"stat.mineBlock.minecraft.crafting_table":2,"stat.craftItem.minecraft.crafting_table":2,"stat.craftItem.minecraft.wooden_button":2,"stat.craftItem.minecraft.stone_pickaxe":1,"stat.useItem.minecraft.wooden_pickaxe":18,"stat.mobKills":2,"stat.pickup.minecraft.cobblestone":10,"stat.mineBlock.minecraft.coal_ore":25,"stat.mineBlock.minecraft.log":8,"stat.pickup.minecraft.log":9,"stat.craftItem.minecraft.stone_sword":1,"stat.flyOneCm":18107,"stat.jump":150,"stat.swimOneCm":1217,"stat.playOneMinute":10411,"stat.pickup.minecraft.coal":25,"stat.fallOneCm":2990,"stat.pickup.quark.crab_leg":2,"stat.pickup.minecraft.torch":1,"stat.useItem.minecraft.stone_pickaxe":17,"stat.sneakTime":1101,"stat.damageDealt":289,"stat.crouchOneCm":761,"stat.timeSinceDeath":10411,"stat.craftItem.minecraft.torch":20,"stat.pickup.minecraft.sapling":2,"stat.useItem.minecraft.wooden_axe":2,"stat.sprintOneCm":6751,"stat.useItem.minecraft.crafting_table":2,"stat.craftItem.minecraft.wooden_pickaxe":1,"stat.mineBlock.minecraft.stone":8,"stat.mineBlock.minecraft.tallgrass":3,"stat.diveOneCm":12278,"stat.useItem.quark.crab_leg":2,"stat.craftItem.minecraft.stick":16,"stat.craftItem.minecraft.wooden_axe":1,"stat.craftingTableInteraction":6}