{"stat.walkOneCm":82829,"stat.pickup.minecraft.bone":4,"stat.leaveGame":1,"stat.pickup.minecraft.arrow":5,"stat.pickup.securitycraft.sentry":3,"stat.pickup.minecraft.string":4,"stat.drop.securitycraft.keycard_lv4":1,"stat.useItem.minecraft.mutton":2,"stat.jump":281,"stat.swimOneCm":162,"stat.fallOneCm":21695,"stat.entityKilledBy.Skeleton":3,"stat.pickup.securitycraft.keycard_lv4":2,"stat.crouchOneCm":77,"stat.pickup.securitycraft.keycard_lv3":1,"stat.pickup.securitycraft.keycard_lv2":1,"stat.pickup.minecraft.ender_pearl":16,"stat.pickup.minecraft.sapling":1,"stat.sprintOneCm":25746,"stat.useItem.minecraft.stone_slab2":1,"stat.pickup.minecraft.gold_ingot":64,"stat.killEntity.Skeleton":2,"stat.entityKilledBy.Spider":1,"stat.damageTaken":2865,"stat.mobKills":4,"stat.mineBlock.minecraft.log":1,"stat.flyOneCm":47346,"stat.deaths":10,"stat.pickup.minecraft.wheat_seeds":2,"stat.drop":1,"stat.pickup.minecraft.diamond":64,"stat.mineBlock.minecraft.leaves":1,"stat.playOneMinute":26649,"stat.entityKilledBy.Zombie":4,"stat.killEntity.Sheep":1,"stat.sneakTime":107,"stat.pickup.minecraft.wool":1,"stat.damageDealt":375,"stat.sleepInBed":2,"stat.timeSinceDeath":772,"stat.mineBlock.minecraft.tallgrass":14,"stat.pickup.minecraft.mutton":2}