{"stat.useItem.minecraft.glass_bottle":39,"stat.mineBlock.minecraft.cobblestone":7,"stat.craftItem.minecraft.cooked_porkchop":2,"stat.pickup.minecraft.stone_pickaxe":5,"stat.drop.minecraft.red_mushroom":1,"stat.pickup.minecraft.stone_axe":1,"stat.useItem.minecraft.potion":27,"stat.craftItem.minecraft.coal":19,"stat.useItem.minecraft.rotten_flesh":3,"stat.pickup.srparasites.parasitecanister":1,"stat.jump":806,"stat.swimOneCm":23893,"stat.useItem.minecraft.sand":24,"stat.pickup.minecraft.coal":57,"stat.fallOneCm":19688,"stat.pickup.minecraft.cooked_porkchop":8,"stat.useItem.minecraft.stone_axe":96,"stat.pickup.minecraft.porkchop":6,"stat.craftItem.minecraft.bread":11,"stat.crouchOneCm":2421,"stat.craftItem.minecraft.torch":4,"stat.pickup.minecraft.dirt":7,"stat.useItem.minecraft.dirt":3,"stat.pickup.minecraft.red_mushroom":3,"stat.useItem.minecraft.stone_slab2":20,"stat.craftingTableInteraction":26,"stat.pickup.minecraft.rotten_flesh":3,"stat.pickup.minecraft.sand":167,"stat.craftItem.minecraft.furnace":1,"stat.pickup.minecraft.stone_shovel":1,"stat.craftItem.minecraft.stone_axe":2,"stat.pickup.minecraft.wooden_pickaxe":5,"stat.damageTaken":2223,"stat.pickup.minecraft.feather":3,"stat.craftItem.minecraft.stone_pickaxe":1,"stat.mineBlock.minecraft.red_flower":1,"stat.mineBlock.minecraft.furnace":4,"stat.mineBlock.minecraft.torch":1,"stat.useItem.minecraft.wooden_pickaxe":21,"stat.useItem.minecraft.reeds":4,"stat.pickup.minecraft.cobblestone":57,"stat.pickup.srparasites.assimilated_flesh":8,"stat.pickup.minecraft.planks":11,"stat.useItem.minecraft.stone_shovel":22,"stat.pickup.minecraft.reeds":5,"stat.pickup.minecraft.iron_leggings":7,"stat.craftItem.minecraft.stone_sword":2,"stat.flyOneCm":149209,"stat.craftItem.minecraft.glass_bottle":18,"stat.pickup.minecraft.bed":2,"stat.pickup.minecraft.glass_bottle":36,"stat.pickup.minecraft.wheat_seeds":79,"stat.mineBlock.minecraft.sand":40,"stat.pickup.minecraft.potato":32,"stat.pickup.srparasites.canisteractive":3,"stat.pickup.minecraft.fish":3,"stat.useItem.minecraft.stone_pickaxe":56,"stat.useItem.minecraft.stone_sword":25,"stat.craftItem.minecraft.cooked_fish":1,"stat.pickup.quark.tallow":9,"stat.damageDealt":2281,"stat.craftItem.minecraft.glass":18,"stat.sleepInBed":7,"stat.timeSinceDeath":10868,"stat.craftItem.minecraft.baked_potato":2,"stat.mineBlock.minecraft.dirt":4,"stat.craftItem.minecraft.wooden_pickaxe":1,"stat.killEntity.Pig":3,"stat.pickup.minecraft.mutton":4,"stat.craftItem.minecraft.stone_shovel":1,"stat.walkOneCm":153112,"stat.drop.minecraft.coal":4,"stat.useItem.minecraft.bread":6,"stat.useItem.minecraft.torch":2,"stat.useItem.minecraft.potato":12,"stat.pickup.minecraft.stick":3,"stat.pickup.minecraft.crafting_table":5,"stat.useItem.minecraft.log":10,"stat.useItem.minecraft.cobblestone":2,"stat.furnaceInteraction":29,"stat.craftItem.minecraft.crafting_table":3,"stat.useItem.minecraft.cooked_porkchop":4,"stat.mineBlock.minecraft.double_plant":2,"stat.pickup.srparasites.lurecomponent2":2,"stat.mineBlock.srparasites.canisteractive":1,"stat.pickup.srparasites.lurecomponent1":4,"stat.talkedToVillager":1,"stat.pickup.minecraft.log":325,"stat.useItem.minecraft.cooked_fish":1,"stat.pickup.minecraft.furnace":10,"stat.craftItem.minecraft.stone_slab2":0,"stat.pickup.minecraft.chicken":2,"stat.pickup.minecraft.leather_helmet":3,"stat.pickup.minecraft.sapling":8,"stat.sprintOneCm":97493,"stat.craftItem.minecraft.stick":68,"stat.drop.minecraft.potion":6,"stat.pickup.minecraft.beetroot":8,"stat.craftItem.minecraft.planks":68,"stat.pickup.minecraft.potion":24,"stat.killEntity.Chicken":2,"stat.useItem.minecraft.wheat_seeds":40,"stat.mineBlock.minecraft.crafting_table":3,"stat.killEntity.Husk":1,"stat.pickup.minecraft.stone_sword":3,"stat.pickup.minecraft.bread":2,"stat.mobKills":18,"stat.mineBlock.minecraft.log":76,"stat.deaths":8,"stat.mineBlock.minecraft.planks":1,"stat.drop":11,"stat.mineBlock.minecraft.leaves":5,"stat.pickup.minecraft.beetroot_seeds":54,"stat.pickup.minecraft.egg":2,"stat.playOneMinute":46614,"stat.pickup.minecraft.torch":25,"stat.mineBlock.srparasites.parasitecanister":1,"stat.killEntity.Sheep":3,"stat.pickup.minecraft.red_flower":5,"stat.sneakTime":1341,"stat.mineBlock.minecraft.brown_mushroom_block":1,"stat.pickup.minecraft.item_frame":4,"stat.mineBlock.minecraft.stone":46,"stat.mineBlock.minecraft.tallgrass":9,"stat.diveOneCm":29038,"stat.useItem.minecraft.beetroot":5,"stat.pickup.minecraft.wheat":67}