{"stat.craftItem.minecraft.stone_shovel":1,"stat.walkOneCm":31656,"stat.pickup.minecraft.crafting_table":1,"stat.useItem.minecraft.glass_bottle":11,"stat.drop.minecraft.red_mushroom":1,"stat.craftItem.minecraft.crafting_table":1,"stat.furnaceInteraction":14,"stat.useItem.minecraft.potion":8,"stat.craftItem.minecraft.coal":11,"stat.pickup.minecraft.log":27,"stat.jump":157,"stat.swimOneCm":841,"stat.fallOneCm":4242,"stat.useItem.minecraft.stone_axe":35,"stat.craftItem.minecraft.stone_slab2":0,"stat.pickup.minecraft.porkchop":2,"stat.crouchOneCm":1227,"stat.pickup.minecraft.leather_helmet":1,"stat.pickup.minecraft.sapling":2,"stat.pickup.minecraft.dirt":4,"stat.useItem.minecraft.dirt":3,"stat.pickup.minecraft.red_mushroom":1,"stat.sprintOneCm":20105,"stat.useItem.minecraft.stone_slab2":6,"stat.craftItem.minecraft.stick":12,"stat.craftingTableInteraction":8,"stat.pickup.minecraft.sand":40,"stat.craftItem.minecraft.furnace":1,"stat.pickup.minecraft.beetroot":6,"stat.craftItem.minecraft.planks":32,"stat.craftItem.minecraft.stone_axe":1,"stat.useItem.minecraft.wheat_seeds":18,"stat.mineBlock.minecraft.crafting_table":1,"stat.craftItem.minecraft.stone_pickaxe":1,"stat.mineBlock.minecraft.red_flower":1,"stat.useItem.minecraft.wooden_pickaxe":20,"stat.pickup.minecraft.cobblestone":20,"stat.mobKills":2,"stat.mineBlock.minecraft.log":27,"stat.useItem.minecraft.stone_shovel":22,"stat.craftItem.minecraft.stone_sword":1,"stat.flyOneCm":29432,"stat.craftItem.minecraft.glass_bottle":3,"stat.drop":1,"stat.pickup.minecraft.wheat_seeds":22,"stat.mineBlock.minecraft.leaves":5,"stat.mineBlock.minecraft.sand":40,"stat.pickup.minecraft.beetroot_seeds":9,"stat.playOneMinute":10614,"stat.pickup.minecraft.red_flower":1,"stat.sneakTime":943,"stat.useItem.minecraft.stone_sword":1,"stat.pickup.quark.tallow":4,"stat.damageDealt":214,"stat.craftItem.minecraft.glass":8,"stat.pickup.minecraft.item_frame":1,"stat.timeSinceDeath":10614,"stat.mineBlock.minecraft.dirt":4,"stat.craftItem.minecraft.wooden_pickaxe":1,"stat.mineBlock.minecraft.stone":20,"stat.killEntity.Pig":2,"stat.mineBlock.minecraft.tallgrass":4,"stat.diveOneCm":1038,"stat.useItem.minecraft.beetroot":3,"stat.pickup.minecraft.wheat":12}