{"stat.craftItem.minecraft.stone_shovel":1,"stat.walkOneCm":14176,"stat.pickup.minecraft.crafting_table":1,"stat.useItem.minecraft.glass_bottle":9,"stat.craftItem.minecraft.crafting_table":2,"stat.furnaceInteraction":7,"stat.useItem.minecraft.apple":1,"stat.useItem.minecraft.potion":6,"stat.craftItem.minecraft.coal":1,"stat.pickup.minecraft.log":23,"stat.jump":143,"stat.swimOneCm":114,"stat.fallOneCm":1925,"stat.craftItem.minecraft.stone_slab2":0,"stat.pickup.minecraft.porkchop":5,"stat.crouchOneCm":433,"stat.pickup.minecraft.sapling":2,"stat.pickup.minecraft.dirt":1,"stat.sprintOneCm":10122,"stat.useItem.minecraft.stone_slab2":5,"stat.pickup.minecraft.apple":1,"stat.craftItem.minecraft.stick":16,"stat.craftItem.minecraft.wooden_axe":1,"stat.craftingTableInteraction":8,"stat.pickup.minecraft.sand":6,"stat.craftItem.minecraft.furnace":1,"stat.useItem.minecraft.sapling":1,"stat.craftItem.minecraft.planks":24,"stat.craftItem.minecraft.stone_axe":1,"stat.damageTaken":130,"stat.mineBlock.minecraft.crafting_table":1,"stat.craftItem.minecraft.stone_pickaxe":1,"stat.useItem.minecraft.wooden_pickaxe":12,"stat.mobKills":8,"stat.pickup.minecraft.cobblestone":30,"stat.mineBlock.minecraft.log":23,"stat.flyOneCm":18575,"stat.craftItem.minecraft.glass_bottle":3,"stat.pickup.minecraft.wheat_seeds":1,"stat.mineBlock.minecraft.sand":6,"stat.mineBlock.minecraft.leaves":3,"stat.playOneMinute":8936,"stat.killEntity.Sheep":4,"stat.useItem.minecraft.stone_pickaxe":23,"stat.sneakTime":607,"stat.pickup.quark.tallow":7,"stat.damageDealt":652,"stat.craftItem.minecraft.glass":3,"stat.timeSinceDeath":8936,"stat.useItem.minecraft.wooden_axe":25,"stat.useItem.minecraft.crafting_table":1,"stat.mineBlock.minecraft.dirt":1,"stat.killEntity.Pig":3,"stat.craftItem.minecraft.wooden_pickaxe":1,"stat.mineBlock.minecraft.stone":33,"stat.mineBlock.minecraft.tallgrass":3,"stat.pickup.minecraft.mutton":6}