{"stat.craftItem.minecraft.stone_shovel":1,"stat.walkOneCm":64022,"stat.useItem.minecraft.potato":7,"stat.pickup.minecraft.stick":3,"stat.pickup.minecraft.crafting_table":3,"stat.useItem.minecraft.glass_bottle":28,"stat.useItem.minecraft.log":9,"stat.pickup.minecraft.stone_pickaxe":1,"stat.drop.minecraft.red_mushroom":1,"stat.craftItem.minecraft.crafting_table":1,"stat.furnaceInteraction":19,"stat.pickup.minecraft.stone_axe":1,"stat.mineBlock.srparasites.canisteractive":1,"stat.useItem.minecraft.potion":17,"stat.craftItem.minecraft.coal":11,"stat.pickup.minecraft.log":119,"stat.jump":369,"stat.swimOneCm":6865,"stat.pickup.minecraft.coal":18,"stat.fallOneCm":8626,"stat.pickup.minecraft.furnace":2,"stat.useItem.minecraft.stone_axe":85,"stat.craftItem.minecraft.stone_slab2":0,"stat.pickup.minecraft.porkchop":4,"stat.crouchOneCm":2421,"stat.pickup.minecraft.leather_helmet":2,"stat.pickup.minecraft.sapling":4,"stat.pickup.minecraft.dirt":5,"stat.useItem.minecraft.dirt":3,"stat.pickup.minecraft.red_mushroom":3,"stat.sprintOneCm":47090,"stat.useItem.minecraft.stone_slab2":7,"stat.craftItem.minecraft.stick":12,"stat.craftingTableInteraction":13,"stat.drop.minecraft.potion":6,"stat.pickup.minecraft.sand":89,"stat.craftItem.minecraft.furnace":1,"stat.pickup.minecraft.beetroot":7,"stat.pickup.minecraft.stone_shovel":1,"stat.craftItem.minecraft.planks":32,"stat.pickup.minecraft.potion":5,"stat.craftItem.minecraft.stone_axe":1,"stat.useItem.minecraft.wheat_seeds":38,"stat.pickup.minecraft.wooden_pickaxe":1,"stat.mineBlock.minecraft.crafting_table":2,"stat.damageTaken":385,"stat.pickup.minecraft.stone_sword":1,"stat.craftItem.minecraft.stone_pickaxe":1,"stat.mineBlock.minecraft.red_flower":1,"stat.mineBlock.minecraft.furnace":1,"stat.mineBlock.minecraft.torch":1,"stat.useItem.minecraft.wooden_pickaxe":20,"stat.useItem.minecraft.reeds":4,"stat.pickup.minecraft.cobblestone":23,"stat.mobKills":5,"stat.mineBlock.minecraft.log":74,"stat.pickup.minecraft.planks":9,"stat.useItem.minecraft.stone_shovel":22,"stat.pickup.minecraft.reeds":5,"stat.pickup.minecraft.iron_leggings":2,"stat.craftItem.minecraft.stone_sword":1,"stat.flyOneCm":66282,"stat.craftItem.minecraft.glass_bottle":18,"stat.deaths":1,"stat.pickup.minecraft.glass_bottle":7,"stat.drop":7,"stat.pickup.minecraft.wheat_seeds":71,"stat.mineBlock.minecraft.leaves":5,"stat.mineBlock.minecraft.sand":40,"stat.pickup.minecraft.beetroot_seeds":18,"stat.pickup.minecraft.potato":21,"stat.playOneMinute":22314,"stat.pickup.srparasites.canisteractive":1,"stat.pickup.minecraft.torch":10,"stat.useItem.minecraft.stone_pickaxe":2,"stat.pickup.minecraft.red_flower":4,"stat.sneakTime":1328,"stat.useItem.minecraft.stone_sword":11,"stat.pickup.quark.tallow":8,"stat.damageDealt":594,"stat.craftItem.minecraft.glass":18,"stat.pickup.minecraft.item_frame":3,"stat.sleepInBed":1,"stat.timeSinceDeath":2062,"stat.mineBlock.minecraft.dirt":4,"stat.craftItem.minecraft.wooden_pickaxe":1,"stat.mineBlock.minecraft.stone":20,"stat.killEntity.Pig":2,"stat.mineBlock.minecraft.tallgrass":6,"stat.diveOneCm":2173,"stat.useItem.minecraft.beetroot":5,"stat.pickup.minecraft.wheat":62}