{"stat.pickup.minecraft.bone":1,"stat.killEntity.quark:crab":2,"stat.leaveGame":3,"stat.useItem.minecraft.glass_bottle":9,"stat.craftItem.minecraft.cooked_porkchop":3,"stat.useItem.minecraft.potion":8,"stat.jump":358,"stat.swimOneCm":1288,"stat.pickup.minecraft.coal":44,"stat.fallOneCm":7507,"stat.pickup.minecraft.porkchop":6,"stat.pickup.minecraft.gunpowder":1,"stat.crouchOneCm":761,"stat.craftItem.minecraft.torch":20,"stat.useItem.minecraft.stone_slab2":1,"stat.useItem.quark.crab_leg":2,"stat.craftingTableInteraction":7,"stat.craftItem.minecraft.furnace":1,"stat.damageTaken":186,"stat.craftItem.minecraft.wooden_button":2,"stat.craftItem.minecraft.stone_pickaxe":1,"stat.mineBlock.minecraft.furnace":1,"stat.useItem.minecraft.wooden_pickaxe":18,"stat.pickup.minecraft.cobblestone":36,"stat.craftItem.minecraft.stone_sword":1,"stat.flyOneCm":37327,"stat.pickup.minecraft.glass_bottle":1,"stat.useItem.minecraft.stone_pickaxe":30,"stat.useItem.minecraft.stone_sword":19,"stat.pickup.quark.tallow":2,"stat.damageDealt":1218,"stat.timeSinceDeath":27415,"stat.useItem.minecraft.crafting_table":3,"stat.craftItem.minecraft.wooden_pickaxe":1,"stat.killEntity.Pig":2,"stat.walkOneCm":44695,"stat.useItem.minecraft.torch":5,"stat.pickup.minecraft.crafting_table":3,"stat.craftItem.minecraft.crafting_table":2,"stat.furnaceInteraction":7,"stat.useItem.minecraft.cooked_porkchop":2,"stat.mineBlock.minecraft.coal_ore":25,"stat.pickup.srparasites.lurecomponent1":4,"stat.killEntity.Creeper":1,"stat.pickup.minecraft.log":9,"stat.pickup.quark.crab_leg":2,"stat.pickup.minecraft.furnace":1,"stat.craftItem.minecraft.stone_slab2":0,"stat.pickup.minecraft.sapling":2,"stat.sprintOneCm":12992,"stat.craftItem.minecraft.stick":16,"stat.craftItem.minecraft.wooden_axe":1,"stat.craftItem.minecraft.planks":36,"stat.mineBlock.minecraft.crafting_table":3,"stat.mobKills":9,"stat.mineBlock.minecraft.log":8,"stat.playOneMinute":27415,"stat.pickup.minecraft.torch":3,"stat.sneakTime":1101,"stat.useItem.minecraft.wooden_axe":3,"stat.mineBlock.minecraft.stone":19,"stat.mineBlock.minecraft.tallgrass":3,"stat.diveOneCm":12278}