{"stat.craftItem.minecraft.stone_shovel":1,"stat.walkOneCm":23727,"stat.pickup.minecraft.gravel":12,"stat.pickup.minecraft.crafting_table":2,"stat.useItem.minecraft.glass_bottle":12,"stat.useItem.minecraft.cobblestone":2,"stat.craftItem.minecraft.crafting_table":1,"stat.furnaceInteraction":17,"stat.useItem.minecraft.potion":6,"stat.craftItem.minecraft.coal":13,"stat.pickup.minecraft.log":45,"stat.pickup.minecraft.string":1,"stat.useItem.minecraft.rotten_flesh":2,"stat.useItem.minecraft.sand":1,"stat.swimOneCm":4167,"stat.jump":123,"stat.pickup.minecraft.coal":4,"stat.fallOneCm":2804,"stat.pickup.minecraft.furnace":2,"stat.craftItem.realistictorches.torch_unlit":12,"stat.drop.minecraft.cobblestone":4,"stat.useItem.minecraft.stone_axe":56,"stat.craftItem.minecraft.stone_slab2":0,"stat.crouchOneCm":1587,"stat.pickup.minecraft.glass":2,"stat.pickup.minecraft.sapling":7,"stat.sprintOneCm":9692,"stat.useItem.minecraft.stone_slab2":6,"stat.craftItem.minecraft.stick":12,"stat.craftingTableInteraction":7,"stat.pickup.minecraft.rotten_flesh":3,"stat.pickup.minecraft.sand":44,"stat.craftItem.minecraft.furnace":2,"stat.useItem.minecraft.sapling":1,"stat.craftItem.minecraft.planks":16,"stat.craftItem.minecraft.stone_axe":1,"stat.damageTaken":180,"stat.mineBlock.minecraft.crafting_table":2,"stat.craftItem.minecraft.stone_pickaxe":1,"stat.mineBlock.minecraft.furnace":2,"stat.useItem.minecraft.wooden_pickaxe":15,"stat.pickup.minecraft.cobblestone":58,"stat.mobKills":7,"stat.mineBlock.minecraft.log":37,"stat.useItem.minecraft.stone_shovel":28,"stat.craftItem.minecraft.stone_sword":1,"stat.flyOneCm":5931,"stat.craftItem.minecraft.glass_bottle":9,"stat.drop":4,"stat.mineBlock.minecraft.sand":28,"stat.mineBlock.minecraft.leaves":20,"stat.playOneMinute":10716,"stat.useItem.minecraft.stone_pickaxe":36,"stat.killEntity.Sheep":3,"stat.sneakTime":1086,"stat.useItem.minecraft.stone_sword":13,"stat.craftItem.minecraft.glass":10,"stat.damageDealt":784,"stat.killEntity.Zombie":2,"stat.timeSinceDeath":10716,"stat.craftItem.minecraft.wooden_pickaxe":1,"stat.mineBlock.minecraft.stone":49,"stat.mineBlock.minecraft.tallgrass":2,"stat.pickup.minecraft.mutton":5,"stat.diveOneCm":1996}