{"stats":{"minecraft:dropped":{"minecraft:cooked_porkchop":5,"minecraft:flint":4},"minecraft:killed_by":{"minecraft:player":1,"minecraft:creeper":1},"minecraft:used":{"minecraft:wooden_axe":59,"minecraft:birch_planks":14,"minecraft:stone_shovel":123,"minecraft:wooden_pickaxe":50,"minecraft:wooden_shovel":1,"minecraft:gravel":9,"minecraft:rotten_flesh":1,"minecraft:dirt":18,"minecraft:mutton":1,"minecraft:crafting_table":2,"minecraft:cooked_porkchop":2},"minecraft:mined":{"minecraft:birch_planks":4,"minecraft:birch_log":52,"minecraft:birch_leaves":2,"minecraft:crafting_table":1,"minecraft:short_grass":3,"minecraft:grass_block":98,"minecraft:dirt_path":6,"minecraft:gravel":11,"minecraft:dirt":54,"minecraft:stone":43,"minecraft:birch_sapling":1},"minecraft:broken":{"minecraft:wooden_axe":1},"minecraft:picked_up":{"minecraft:wooden_axe":1,"minecraft:birch_log":58,"minecraft:stick":5,"minecraft:crafting_table":1,"minecraft:cooked_porkchop":15,"minecraft:wooden_pickaxe":1,"minecraft:gravel":9,"minecraft:birch_planks":191,"minecraft:flint":8,"minecraft:spider_eye":6,"minecraft:dirt":245,"minecraft:stone_sword":1,"minecraft:stone_shovel":1,"minecraft:rotten_flesh":1,"minecraft:wheat_seeds":1,"minecraft:stone_pickaxe":1,"minecraft:wooden_shovel":1,"minecraft:mutton":1,"minecraft:birch_sapling":15,"minecraft:cobblestone":80},"minecraft:crafted":{"minecraft:wooden_shovel":1,"minecraft:stone_shovel":1,"minecraft:crafting_table":1,"minecraft:stick":16,"minecraft:wooden_pickaxe":1,"minecraft:stone_pickaxe":1,"minecraft:wooden_axe":1,"minecraft:stone_sword":1,"minecraft:birch_planks":216},"minecraft:custom":{"minecraft:time_since_rest":12713,"minecraft:sprint_one_cm":11799,"minecraft:damage_taken":764,"minecraft:walk_one_cm":72302,"minecraft:drop":8,"minecraft:interact_with_crafting_table":2,"minecraft:fly_one_cm":3649,"minecraft:crouch_one_cm":101,"minecraft:play_time":52270,"minecraft:deaths":2,"minecraft:sneak_time":905,"minecraft:jump":368,"minecraft:time_since_death":12661,"minecraft:total_world_time":52270,"minecraft:fall_one_cm":3403}},"DataVersion":3953}