{"stats":{"minecraft:dropped":{"minecraft:birch_planks":1,"minecraft:cooked_porkchop":7,"minecraft:flint":4},"minecraft:killed_by":{"minecraft:player":2,"minecraft:creeper":1,"minecraft:zombie":1},"minecraft:used":{"minecraft:wooden_axe":59,"minecraft:birch_planks":14,"minecraft:stone_shovel":134,"minecraft:wooden_pickaxe":50,"minecraft:cooked_salmon":1,"minecraft:wooden_shovel":1,"minecraft:gravel":9,"minecraft:rotten_flesh":1,"minecraft:pufferfish":1,"minecraft:dirt":27,"minecraft:mutton":1,"minecraft:crafting_table":2,"minecraft:oak_sapling":1,"minecraft:cooked_porkchop":2},"minecraft:mined":{"minecraft:birch_planks":4,"minecraft:birch_log":52,"minecraft:birch_leaves":7,"minecraft:crafting_table":1,"minecraft:short_grass":4,"minecraft:grass_block":105,"minecraft:dirt_path":8,"minecraft:gravel":11,"minecraft:dirt":57,"minecraft:stone":43,"minecraft:oak_leaves":11,"minecraft:birch_sapling":1},"minecraft:broken":{"minecraft:wooden_axe":1,"minecraft:stone_shovel":1},"minecraft:picked_up":{"minecraft:wooden_axe":1,"minecraft:birch_log":58,"minecraft:stick":7,"minecraft:crafting_table":1,"minecraft:cooked_porkchop":15,"minecraft:wooden_pickaxe":1,"minecraft:gravel":9,"minecraft:birch_planks":191,"minecraft:flint":8,"minecraft:spider_eye":6,"minecraft:dirt":256,"minecraft:cooked_salmon":2,"minecraft:pufferfish":3,"minecraft:stone_sword":1,"minecraft:stone_shovel":1,"minecraft:rotten_flesh":1,"minecraft:wheat_seeds":2,"minecraft:stone_pickaxe":1,"minecraft:wooden_shovel":1,"minecraft:oak_sapling":1,"minecraft:mutton":1,"minecraft:birch_sapling":16,"minecraft:cobblestone":80},"minecraft:crafted":{"minecraft:wooden_shovel":1,"minecraft:stone_shovel":1,"minecraft:crafting_table":1,"minecraft:stick":16,"minecraft:wooden_pickaxe":1,"minecraft:stone_pickaxe":1,"minecraft:wooden_axe":1,"minecraft:stone_sword":1,"minecraft:birch_planks":216},"minecraft:custom":{"minecraft:time_since_rest":992,"minecraft:sprint_one_cm":26096,"minecraft:damage_taken":2388,"minecraft:walk_one_cm":110505,"minecraft:drop":11,"minecraft:damage_dealt":25,"minecraft:interact_with_crafting_table":2,"minecraft:fly_one_cm":12354,"minecraft:crouch_one_cm":101,"minecraft:play_time":64270,"minecraft:deaths":7,"minecraft:sneak_time":930,"minecraft:jump":570,"minecraft:time_since_death":956,"minecraft:total_world_time":64270,"minecraft:fall_one_cm":20371}},"DataVersion":3953}