{"stats":{"minecraft:dropped":{"minecraft:flint":2},"minecraft:killed_by":{"minecraft:player":1},"minecraft:used":{"minecraft:wooden_axe":8,"minecraft:dirt":5,"minecraft:crafting_table":1,"minecraft:birch_planks":14,"minecraft:wooden_pickaxe":39,"minecraft:gravel":9},"minecraft:mined":{"minecraft:grass_block":3,"minecraft:birch_planks":4,"minecraft:gravel":11,"minecraft:dirt":12,"minecraft:birch_log":5,"minecraft:stone":39,"minecraft:birch_leaves":1,"minecraft:crafting_table":1},"minecraft:picked_up":{"minecraft:birch_log":9,"minecraft:crafting_table":1,"minecraft:birch_planks":4,"minecraft:gravel":9,"minecraft:flint":4,"minecraft:cobblestone":37,"minecraft:dirt":15},"minecraft:crafted":{"minecraft:birch_planks":36,"minecraft:crafting_table":1,"minecraft:stick":4,"minecraft:wooden_pickaxe":1,"minecraft:wooden_axe":1},"minecraft:custom":{"minecraft:time_since_rest":16017,"minecraft:play_time":16270,"minecraft:sprint_one_cm":2772,"minecraft:walk_one_cm":16389,"minecraft:damage_taken":437,"minecraft:deaths":1,"minecraft:sneak_time":82,"minecraft:drop":2,"minecraft:jump":194,"minecraft:time_since_death":15972,"minecraft:total_world_time":16270,"minecraft:interact_with_crafting_table":1,"minecraft:fly_one_cm":905,"minecraft:fall_one_cm":894}},"DataVersion":3953}