{"stats":{"minecraft:dropped":{"minecraft:birch_planks":1,"minecraft:wooden_axe":1,"minecraft:cooked_porkchop":7,"minecraft:flint":4},"minecraft:killed_by":{"minecraft:player":2,"minecraft:creeper":1,"minecraft:zombie":1},"minecraft:used":{"minecraft:wooden_axe":61,"minecraft:birch_planks":15,"minecraft:stone_shovel":134,"minecraft:stone_pickaxe":3,"minecraft:birch_sapling":1,"minecraft:wooden_pickaxe":50,"minecraft:stone_axe":51,"minecraft:cooked_salmon":1,"minecraft:wooden_shovel":1,"minecraft:gravel":9,"minecraft:rotten_flesh":1,"minecraft:pufferfish":1,"minecraft:light_gray_wool":1,"minecraft:dirt":27,"minecraft:mutton":1,"minecraft:crafting_table":2,"minecraft:oak_sapling":1,"minecraft:cooked_porkchop":2},"minecraft:mined":{"minecraft:birch_planks":4,"minecraft:birch_log":78,"minecraft:birch_leaves":17,"minecraft:crafting_table":1,"minecraft:short_grass":6,"minecraft:chest":1,"minecraft:grass_block":116,"minecraft:dirt_path":8,"minecraft:gravel":11,"minecraft:dirt":73,"minecraft:stone":43,"minecraft:oak_leaves":11,"minecraft:birch_sapling":1},"minecraft:broken":{"minecraft:wooden_axe":1,"minecraft:stone_shovel":1},"minecraft:picked_up":{"minecraft:wooden_axe":2,"minecraft:birch_log":83,"minecraft:fishing_rod":1,"minecraft:stick":12,"minecraft:crafting_table":1,"minecraft:cooked_porkchop":15,"minecraft:wooden_pickaxe":2,"minecraft:gravel":9,"minecraft:birch_planks":255,"minecraft:flint":8,"minecraft:spider_eye":9,"minecraft:dirt":283,"minecraft:cooked_salmon":2,"minecraft:pufferfish":3,"minecraft:stone_sword":2,"minecraft:stone_shovel":1,"minecraft:rotten_flesh":1,"minecraft:cooked_cod":8,"minecraft:wheat_seeds":2,"minecraft:stone_pickaxe":1,"minecraft:wooden_shovel":2,"minecraft:light_gray_wool":1,"minecraft:oak_sapling":1,"minecraft:chest":1,"minecraft:mutton":1,"minecraft:birch_sapling":17,"minecraft:cobblestone":257},"minecraft:crafted":{"minecraft:wooden_sword":1,"minecraft:wooden_shovel":1,"minecraft:stone_shovel":1,"minecraft:crafting_table":1,"minecraft:stick":24,"minecraft:wooden_pickaxe":2,"minecraft:stone_pickaxe":2,"minecraft:wooden_axe":2,"minecraft:stone_sword":2,"minecraft:birch_planks":236,"minecraft:stone_axe":1},"minecraft:custom":{"minecraft:time_since_rest":12992,"minecraft:sprint_one_cm":33100,"minecraft:damage_taken":2568,"minecraft:walk_one_cm":136281,"minecraft:drop":12,"minecraft:damage_dealt":25,"minecraft:interact_with_crafting_table":4,"minecraft:fly_one_cm":13567,"minecraft:open_chest":1,"minecraft:crouch_one_cm":101,"minecraft:play_time":76270,"minecraft:deaths":7,"minecraft:sneak_time":1283,"minecraft:jump":690,"minecraft:time_since_death":12956,"minecraft:total_world_time":76270,"minecraft:fall_one_cm":23405}},"DataVersion":3953}