{"stats":{"minecraft:dropped":{"minecraft:cooked_porkchop":5,"minecraft:flint":2},"minecraft:killed_by":{"minecraft:player":1},"minecraft:used":{"minecraft:wooden_axe":57,"minecraft:birch_planks":14,"minecraft:wooden_pickaxe":49,"minecraft:gravel":9,"minecraft:dirt":5,"minecraft:mutton":1,"minecraft:crafting_table":1,"minecraft:cooked_porkchop":2},"minecraft:mined":{"minecraft:birch_planks":4,"minecraft:birch_log":51,"minecraft:birch_leaves":2,"minecraft:crafting_table":1,"minecraft:grass_block":9,"minecraft:gravel":11,"minecraft:dirt":15,"minecraft:stone":43},"minecraft:picked_up":{"minecraft:birch_log":54,"minecraft:crafting_table":1,"minecraft:cooked_porkchop":11,"minecraft:gravel":9,"minecraft:birch_planks":4,"minecraft:flint":4,"minecraft:dirt":24,"minecraft:mutton":1,"minecraft:birch_sapling":3,"minecraft:cobblestone":43},"minecraft:crafted":{"minecraft:crafting_table":1,"minecraft:stick":4,"minecraft:wooden_pickaxe":1,"minecraft:wooden_axe":1,"minecraft:birch_planks":200},"minecraft:custom":{"minecraft:time_since_rest":28017,"minecraft:sprint_one_cm":6178,"minecraft:damage_taken":437,"minecraft:walk_one_cm":32131,"minecraft:drop":7,"minecraft:interact_with_crafting_table":1,"minecraft:fly_one_cm":989,"minecraft:crouch_one_cm":19,"minecraft:play_time":28270,"minecraft:deaths":1,"minecraft:sneak_time":219,"minecraft:jump":259,"minecraft:time_since_death":27972,"minecraft:total_world_time":28270,"minecraft:fall_one_cm":1163}},"DataVersion":3953}