{"stats":{"minecraft:killed_by":{"minecraft:player":1},"minecraft:used":{"minecraft:birch_planks":4},"minecraft:mined":{"minecraft:birch_planks":4},"minecraft:picked_up":{"minecraft:birch_log":4,"minecraft:birch_planks":4},"minecraft:crafted":{"minecraft:birch_planks":16},"minecraft:custom":{"minecraft:jump":37,"minecraft:time_since_rest":4017,"minecraft:sprint_one_cm":91,"minecraft:deaths":1,"minecraft:play_time":4270,"minecraft:damage_taken":227,"minecraft:time_since_death":3972,"minecraft:walk_one_cm":4637,"minecraft:total_world_time":4270,"minecraft:fall_one_cm":209,"minecraft:fly_one_cm":78}},"DataVersion":3953}