{"stats":{"minecraft:dropped":{"minecraft:cooked_porkchop":5,"minecraft:flint":4},"minecraft:killed_by":{"minecraft:player":1,"minecraft:creeper":1},"minecraft:used":{"minecraft:wooden_axe":57,"minecraft:birch_planks":14,"minecraft:stone_shovel":39,"minecraft:wooden_pickaxe":50,"minecraft:gravel":9,"minecraft:dirt":14,"minecraft:mutton":1,"minecraft:crafting_table":2,"minecraft:cooked_porkchop":2},"minecraft:mined":{"minecraft:birch_planks":4,"minecraft:birch_log":51,"minecraft:birch_leaves":2,"minecraft:crafting_table":1,"minecraft:grass_block":43,"minecraft:dirt_path":4,"minecraft:gravel":11,"minecraft:dirt":45,"minecraft:stone":43},"minecraft:picked_up":{"minecraft:birch_log":54,"minecraft:crafting_table":1,"minecraft:cooked_porkchop":11,"minecraft:gravel":9,"minecraft:birch_planks":4,"minecraft:flint":6,"minecraft:spider_eye":3,"minecraft:dirt":83,"minecraft:mutton":1,"minecraft:birch_sapling":6,"minecraft:cobblestone":43},"minecraft:crafted":{"minecraft:wooden_shovel":1,"minecraft:stone_shovel":1,"minecraft:crafting_table":1,"minecraft:stick":16,"minecraft:wooden_pickaxe":1,"minecraft:stone_pickaxe":1,"minecraft:wooden_axe":1,"minecraft:stone_sword":1,"minecraft:birch_planks":216},"minecraft:custom":{"minecraft:time_since_rest":713,"minecraft:sprint_one_cm":6178,"minecraft:damage_taken":694,"minecraft:walk_one_cm":37493,"minecraft:drop":8,"minecraft:interact_with_crafting_table":2,"minecraft:fly_one_cm":1089,"minecraft:crouch_one_cm":101,"minecraft:play_time":40270,"minecraft:deaths":2,"minecraft:sneak_time":905,"minecraft:jump":281,"minecraft:time_since_death":661,"minecraft:total_world_time":40270,"minecraft:fall_one_cm":1163}},"DataVersion":3953}