{"stat.craftItem.minecraft.stone_shovel":1,"stat.walkOneCm":32168,"stat.useItem.minecraft.torch":2,"stat.pickup.minecraft.crafting_table":2,"stat.craftItem.minecraft.crafting_table":2,"stat.talkedToVillager":1,"stat.pickup.minecraft.log":23,"stat.jump":94,"stat.swimOneCm":792,"stat.pickup.minecraft.fence":1,"stat.fallOneCm":418,"stat.useItem.minecraft.stone_axe":28,"stat.crouchOneCm":9128,"stat.pickup.minecraft.sapling":7,"stat.pickup.minecraft.dirt":46,"stat.pickup.minecraft.red_mushroom":1,"stat.sprintOneCm":17038,"stat.useItem.minecraft.stone_slab2":12,"stat.pickup.minecraft.apple":1,"stat.mineBlock.minecraft.red_mushroom":1,"stat.craftItem.minecraft.stick":12,"stat.craftingTableInteraction":3,"stat.pickup.minecraft.iron_ore":5,"stat.useItem.minecraft.sapling":2,"stat.craftItem.minecraft.planks":20,"stat.mineBlock.minecraft.fence":1,"stat.craftItem.minecraft.stone_axe":1,"stat.useItem.minecraft.wheat_seeds":13,"stat.damageTaken":14,"stat.mineBlock.minecraft.crafting_table":2,"stat.craftItem.minecraft.stone_pickaxe":1,"stat.mineBlock.minecraft.torch":3,"stat.useItem.minecraft.wooden_pickaxe":19,"stat.useItem.minecraft.reeds":5,"stat.pickup.minecraft.cobblestone":71,"stat.mineBlock.minecraft.log":23,"stat.useItem.minecraft.stone_shovel":28,"stat.pickup.minecraft.reeds":6,"stat.flyOneCm":11387,"stat.pickup.minecraft.wheat_seeds":14,"stat.mineBlock.minecraft.leaves":4,"stat.playOneMinute":10118,"stat.pickup.minecraft.torch":4,"stat.useItem.minecraft.stone_pickaxe":57,"stat.sneakTime":3218,"stat.mineBlock.minecraft.iron_ore":5,"stat.timeSinceDeath":10118,"stat.mineBlock.minecraft.dirt":43,"stat.craftItem.minecraft.wooden_pickaxe":1,"stat.mineBlock.minecraft.stone":71,"stat.mineBlock.minecraft.tallgrass":11,"stat.pickup.minecraft.wheat":5}