{"stat.chestOpened":1,"stat.drop.minecraft.stone_pickaxe":1,"stat.craftItem.minecraft.stone_shovel":1,"stat.walkOneCm":76115,"stat.useItem.minecraft.torch":2,"stat.useItem.minecraft.bread":6,"stat.pickup.minecraft.stick":6,"stat.pickup.minecraft.iron_sword":2,"stat.pickup.minecraft.crafting_table":4,"stat.useItem.minecraft.glass_bottle":16,"stat.pickup.minecraft.stone_pickaxe":1,"stat.craftItem.minecraft.crafting_table":2,"stat.furnaceInteraction":1,"stat.pickup.minecraft.stone_axe":1,"stat.pickup.minecraft.iron_shovel":1,"stat.useItem.minecraft.apple":1,"stat.pickup.minecraft.leather_chestplate":1,"stat.talkedToVillager":1,"stat.useItem.minecraft.potion":17,"stat.pickup.minecraft.log":41,"stat.pickup.srparasites.parasitecanister":1,"stat.jump":339,"stat.swimOneCm":4068,"stat.pickup.minecraft.fence":1,"stat.fallOneCm":6227,"stat.pickup.minecraft.iron_ingot":4,"stat.pickup.minecraft.iron_pickaxe":1,"stat.useItem.minecraft.stone_axe":29,"stat.craftItem.minecraft.bread":7,"stat.crouchOneCm":13270,"stat.pickup.minecraft.leather_helmet":1,"stat.pickup.minecraft.sapling":8,"stat.pickup.minecraft.dirt":92,"stat.pickup.minecraft.red_mushroom":2,"stat.sprintOneCm":46342,"stat.useItem.minecraft.stone_slab2":20,"stat.pickup.minecraft.apple":1,"stat.mineBlock.minecraft.red_mushroom":1,"stat.craftItem.minecraft.stick":12,"stat.craftingTableInteraction":4,"stat.pickup.minecraft.iron_ore":16,"stat.pickup.minecraft.stone_shovel":1,"stat.useItem.minecraft.sapling":2,"stat.craftItem.minecraft.planks":20,"stat.pickup.minecraft.potion":8,"stat.mineBlock.minecraft.fence":1,"stat.craftItem.minecraft.stone_axe":1,"stat.useItem.minecraft.wheat_seeds":40,"stat.pickup.minecraft.wooden_pickaxe":2,"stat.damageTaken":373,"stat.mineBlock.minecraft.crafting_table":3,"stat.pickup.minecraft.bread":1,"stat.craftItem.minecraft.stone_pickaxe":1,"stat.mineBlock.minecraft.torch":3,"stat.useItem.minecraft.wooden_pickaxe":19,"stat.useItem.minecraft.reeds":5,"stat.pickup.minecraft.cobblestone":279,"stat.pickup.srparasites.assimilated_flesh":1,"stat.pickup.minecraft.leather_leggings":1,"stat.mineBlock.minecraft.log":23,"stat.pickup.minecraft.leather_boots":1,"stat.pickup.minecraft.planks":3,"stat.useItem.minecraft.stone_shovel":28,"stat.pickup.minecraft.reeds":6,"stat.flyOneCm":45434,"stat.deaths":1,"stat.pickup.minecraft.glass_bottle":4,"stat.pickup.minecraft.wheat_seeds":44,"stat.drop":1,"stat.mineBlock.minecraft.leaves":4,"stat.playOneMinute":21818,"stat.pickup.minecraft.torch":4,"stat.mineBlock.srparasites.parasitecanister":1,"stat.useItem.minecraft.stone_pickaxe":131,"stat.sneakTime":4782,"stat.mineBlock.minecraft.iron_ore":8,"stat.sleepInBed":1,"stat.pickup.minecraft.item_frame":1,"stat.timeSinceDeath":1500,"stat.mineBlock.minecraft.dirt":43,"stat.craftItem.minecraft.wooden_pickaxe":1,"stat.mineBlock.minecraft.stone":143,"stat.mineBlock.minecraft.tallgrass":15,"stat.diveOneCm":3740,"stat.pickup.minecraft.wheat":23}