{"stat.useItem.minecraft.splash_potion":9,"stat.walkOneCm":128766,"stat.pickup.minecraft.bone":3,"stat.leaveGame":2,"stat.pickup.minecraft.arrow":2,"stat.pickup.securitycraft.sentry":2,"stat.useItem.securitycraft.sentry":7,"stat.drop.securitycraft.keycard_lv2":1,"stat.pickup.minecraft.string":4,"stat.drop.securitycraft.keycard_lv3":1,"stat.drop.securitycraft.keycard_lv4":1,"stat.jump":169,"stat.crouchOneCm":5415,"stat.pickup.minecraft.sapling":1,"stat.sprintOneCm":13430,"stat.useItem.minecraft.stone_slab2":149,"stat.killEntity.Skeleton":1,"stat.useItem.charm.bat_bucket":3,"stat.damageTaken":96,"stat.mobKills":1,"stat.flyOneCm":70297,"stat.drop":7,"stat.playOneMinute":38404,"stat.drop.minecraft.string":3,"stat.sneakTime":1432,"stat.damageDealt":478,"stat.sleepInBed":1,"stat.drop.minecraft.arrow":1,"stat.timeSinceDeath":38404,"stat.useItem.minecraft.spawn_egg":8}