{"stat.chestOpened":7,"stat.drop.minecraft.stone_pickaxe":1,"stat.cakeSlicesEaten":6,"stat.pickup.minecraft.bone":1,"stat.pickup.minecraft.iron_sword":3,"stat.useItem.minecraft.glass_bottle":35,"stat.pickup.minecraft.stone_pickaxe":3,"stat.pickup.minecraft.stone_axe":2,"stat.useItem.minecraft.apple":1,"stat.pickup.minecraft.leather_chestplate":2,"stat.useItem.minecraft.potion":35,"stat.craftItem.minecraft.coal":5,"stat.pickup.srparasites.parasitecanister":2,"stat.jump":846,"stat.swimOneCm":6583,"stat.pickup.minecraft.fence":1,"stat.pickup.minecraft.coal":34,"stat.fallOneCm":11765,"stat.pickup.minecraft.iron_ingot":8,"stat.climbOneCm":268,"stat.useItem.minecraft.stone_axe":46,"stat.craftItem.minecraft.bread":13,"stat.crouchOneCm":26997,"stat.craftItem.minecraft.chest":2,"stat.craftItem.minecraft.torch":16,"stat.pickup.minecraft.dirt":145,"stat.pickup.minecraft.red_mushroom":3,"stat.useItem.minecraft.stone_slab2":35,"stat.mineBlock.minecraft.red_mushroom":1,"stat.craftingTableInteraction":21,"stat.pickup.minecraft.iron_ore":52,"stat.pickup.minecraft.rotten_flesh":3,"stat.useItem.minecraft.glass":2,"stat.pickup.minecraft.stone_shovel":2,"stat.craftItem.minecraft.furnace":2,"stat.useItem.minecraft.sapling":2,"stat.craftItem.minecraft.stone_axe":2,"stat.pickup.minecraft.wooden_pickaxe":3,"stat.damageTaken":851,"stat.craftItem.minecraft.stone_pickaxe":3,"stat.mineBlock.minecraft.torch":5,"stat.useItem.minecraft.wooden_pickaxe":19,"stat.useItem.minecraft.reeds":5,"stat.pickup.minecraft.cobblestone":652,"stat.pickup.srparasites.assimilated_flesh":5,"stat.pickup.minecraft.leather_boots":2,"stat.pickup.minecraft.planks":6,"stat.useItem.minecraft.stone_shovel":33,"stat.pickup.minecraft.reeds":6,"stat.craftItem.minecraft.stone_sword":1,"stat.flyOneCm":94586,"stat.pickup.minecraft.bed":1,"stat.pickup.minecraft.glass_bottle":4,"stat.pickup.minecraft.wheat_seeds":84,"stat.pickup.minecraft.potato":90,"stat.craftItem.toughasnails.campfire":1,"stat.mineBlock.minecraft.gravel":1,"stat.useItem.minecraft.stone_pickaxe":394,"stat.useItem.minecraft.stone_sword":40,"stat.mineBlock.futuremc.stripped_oak_log":4,"stat.damageDealt":1707,"stat.mineBlock.minecraft.iron_ore":29,"stat.sleepInBed":3,"stat.timeSinceDeath":29809,"stat.craftItem.minecraft.baked_potato":24,"stat.mineBlock.minecraft.dirt":50,"stat.craftItem.minecraft.wooden_pickaxe":1,"stat.craftItem.minecraft.stone_shovel":1,"stat.walkOneCm":203466,"stat.useItem.minecraft.torch":19,"stat.useItem.minecraft.bread":10,"stat.useItem.minecraft.chest":1,"stat.pickup.minecraft.stick":6,"stat.useItem.minecraft.potato":26,"stat.pickup.minecraft.crafting_table":5,"stat.useItem.minecraft.log":3,"stat.furnaceInteraction":25,"stat.craftItem.minecraft.crafting_table":2,"stat.pickup.minecraft.iron_shovel":2,"stat.pickup.srparasites.lurecomponent2":1,"stat.mineBlock.minecraft.coal_ore":30,"stat.killEntity.Creeper":1,"stat.talkedToVillager":1,"stat.pickup.minecraft.log":69,"stat.pickup.minecraft.iron_pickaxe":2,"stat.craftItem.minecraft.stone_slab2":0,"stat.pickup.minecraft.leather_helmet":2,"stat.pickup.minecraft.sapling":9,"stat.sprintOneCm":95353,"stat.pickup.futuremc.stripped_oak_log":4,"stat.pickup.minecraft.apple":1,"stat.craftItem.minecraft.stick":20,"stat.killEntity.Skeleton":1,"stat.mineBlock.overlast.red_leaves":3,"stat.pickup.minecraft.beetroot":3,"stat.craftItem.minecraft.planks":44,"stat.pickup.minecraft.potion":14,"stat.mineBlock.minecraft.fence":1,"stat.useItem.minecraft.wheat_seeds":61,"stat.mineBlock.minecraft.crafting_table":3,"stat.pickup.minecraft.bread":1,"stat.pickup.minecraft.stone_sword":1,"stat.mobKills":12,"stat.pickup.minecraft.leather_leggings":2,"stat.mineBlock.minecraft.log":33,"stat.deaths":2,"stat.drop":3,"stat.mineBlock.minecraft.leaves":5,"stat.pickup.minecraft.beetroot_seeds":4,"stat.playOneMinute":58718,"stat.pickup.minecraft.torch":11,"stat.mineBlock.srparasites.parasitecanister":1,"stat.useItem.minecraft.beetroot_seeds":2,"stat.sneakTime":10325,"stat.pickup.minecraft.item_frame":1,"stat.killEntity.Zombie":2,"stat.useItem.minecraft.baked_potato":3,"stat.drop.minecraft.bread":2,"stat.mineBlock.minecraft.stone":354,"stat.mineBlock.minecraft.tallgrass":15,"stat.diveOneCm":11625,"stat.useItem.minecraft.beetroot":3,"stat.pickup.minecraft.wheat":42}