{"stats":{"minecraft:dropped":{"minecraft:wheat_seeds":1,"minecraft:cooked_porkchop":4,"minecraft:cobblestone":177,"minecraft:light_gray_wool":3,"minecraft:pufferfish":7,"minecraft:diorite":1,"minecraft:mutton":1,"minecraft:cooked_salmon":2,"minecraft:spider_eye":3,"minecraft:birch_log":4,"minecraft:lily_pad":1},"minecraft:killed_by":{"minecraft:skeleton":2,"minecraft:zombie":1},"minecraft:used":{"minecraft:stone_sword":60,"minecraft:birch_planks":20,"minecraft:stone_pickaxe":318,"minecraft:baked_potato":1,"minecraft:chest":1,"minecraft:wooden_pickaxe":8,"minecraft:cooked_salmon":5,"minecraft:rotten_flesh":2,"minecraft:dirt":87,"minecraft:crafting_table":6,"minecraft:campfire":1,"minecraft:birch_sapling":28,"minecraft:stone_axe":96,"minecraft:fishing_rod":43,"minecraft:furnace":1,"minecraft:cooked_cod":4,"minecraft:cooked_porkchop":3,"minecraft:andesite":1,"minecraft:birch_log":21},"minecraft:killed":{"minecraft:pig":5,"minecraft:spider":4,"minecraft:sheep":1,"minecraft:skeleton":5,"minecraft:zombie":5,"minecraft:drowned":1},"minecraft:mined":{"minecraft:crafting_table":5,"minecraft:short_grass":1,"minecraft:grass_block":34,"minecraft:sugar_cane":3,"minecraft:diorite":1,"minecraft:birch_sapling":1,"minecraft:birch_planks":20,"minecraft:birch_log":74,"minecraft:iron_ore":5,"minecraft:andesite":1,"minecraft:birch_leaves":15,"minecraft:light_gray_wool":1,"minecraft:coal_ore":91,"minecraft:dirt":19,"minecraft:stone":226},"minecraft:broken":{"minecraft:stone_pickaxe":2},"minecraft:picked_up":{"minecraft:birch_log":103,"minecraft:fishing_rod":1,"minecraft:crafting_table":8,"minecraft:andesite":1,"minecraft:salmon":6,"minecraft:wooden_pickaxe":4,"minecraft:birch_planks":299,"minecraft:flint":2,"minecraft:lily_pad":1,"minecraft:dirt":236,"minecraft:string":5,"minecraft:cooked_salmon":7,"minecraft:name_tag":1,"minecraft:pufferfish":7,"minecraft:bone":10,"minecraft:wheat_seeds":1,"minecraft:stone_pickaxe":3,"minecraft:wooden_shovel":1,"minecraft:light_gray_wool":3,"minecraft:sugar_cane":7,"minecraft:birch_sapling":28,"minecraft:raw_iron":8,"minecraft:stick":53,"minecraft:cooked_porkchop":14,"minecraft:porkchop":12,"minecraft:ink_sac":10,"minecraft:diorite":1,"minecraft:spider_eye":6,"minecraft:stone_sword":2,"minecraft:arrow":5,"minecraft:rotten_flesh":4,"minecraft:cooked_cod":18,"minecraft:stone_axe":3,"minecraft:baked_potato":1,"minecraft:mutton":1,"minecraft:coal":226,"minecraft:cod":18,"minecraft:cobblestone":384},"minecraft:crafted":{"minecraft:fishing_rod":1,"minecraft:crafting_table":1,"minecraft:wooden_pickaxe":1,"minecraft:furnace":1,"minecraft:bucket":1,"minecraft:birch_planks":48,"minecraft:campfire":1,"minecraft:stone_axe":1,"minecraft:air":0,"minecraft:stick":12,"minecraft:iron_ingot":5,"minecraft:stone_pickaxe":3,"minecraft:stone_sword":1,"minecraft:chest":1},"minecraft:custom":{"minecraft:interact_with_furnace":2,"minecraft:mob_kills":22,"minecraft:interact_with_crafting_table":11,"minecraft:interact_with_campfire":36,"minecraft:time_since_death":65793,"minecraft:time_since_rest":65821,"minecraft:sprint_one_cm":95372,"minecraft:damage_taken":1572,"minecraft:walk_one_cm":122569,"minecraft:drop":27,"minecraft:damage_dealt":3841,"minecraft:swim_one_cm":12316,"minecraft:fly_one_cm":56065,"minecraft:player_kills":2,"minecraft:open_chest":1,"minecraft:crouch_one_cm":38008,"minecraft:sneak_time":13073,"minecraft:play_time":81300,"minecraft:deaths":3,"minecraft:walk_under_water_one_cm":5810,"minecraft:jump":1029,"minecraft:walk_on_water_one_cm":3661,"minecraft:total_world_time":81300,"minecraft:fish_caught":29,"minecraft:fall_one_cm":21350}},"DataVersion":3953}