{"stat.chestOpened":4,"stat.drop.minecraft.stone_pickaxe":1,"stat.cakeSlicesEaten":6,"stat.pickup.minecraft.iron_sword":3,"stat.useItem.minecraft.glass_bottle":23,"stat.pickup.minecraft.stone_pickaxe":3,"stat.pickup.minecraft.stone_axe":2,"stat.useItem.minecraft.apple":1,"stat.pickup.minecraft.leather_chestplate":2,"stat.useItem.minecraft.potion":29,"stat.pickup.srparasites.parasitecanister":2,"stat.jump":702,"stat.swimOneCm":6571,"stat.pickup.minecraft.fence":1,"stat.pickup.minecraft.coal":4,"stat.fallOneCm":11138,"stat.pickup.minecraft.iron_ingot":8,"stat.climbOneCm":268,"stat.useItem.minecraft.stone_axe":29,"stat.craftItem.minecraft.bread":13,"stat.crouchOneCm":21082,"stat.craftItem.minecraft.chest":2,"stat.craftItem.minecraft.torch":8,"stat.pickup.minecraft.dirt":143,"stat.pickup.minecraft.red_mushroom":3,"stat.useItem.minecraft.stone_slab2":27,"stat.mineBlock.minecraft.red_mushroom":1,"stat.craftingTableInteraction":11,"stat.pickup.minecraft.iron_ore":38,"stat.pickup.minecraft.rotten_flesh":1,"stat.pickup.minecraft.stone_shovel":2,"stat.useItem.minecraft.sapling":2,"stat.craftItem.minecraft.stone_axe":1,"stat.pickup.minecraft.wooden_pickaxe":3,"stat.damageTaken":680,"stat.craftItem.minecraft.stone_pickaxe":3,"stat.mineBlock.minecraft.torch":5,"stat.useItem.minecraft.wooden_pickaxe":19,"stat.useItem.minecraft.reeds":5,"stat.pickup.minecraft.cobblestone":628,"stat.pickup.srparasites.assimilated_flesh":5,"stat.pickup.minecraft.leather_boots":2,"stat.pickup.minecraft.planks":6,"stat.useItem.minecraft.stone_shovel":33,"stat.pickup.minecraft.reeds":6,"stat.craftItem.minecraft.stone_sword":1,"stat.flyOneCm":87038,"stat.pickup.minecraft.bed":1,"stat.pickup.minecraft.glass_bottle":4,"stat.pickup.minecraft.wheat_seeds":84,"stat.pickup.minecraft.potato":90,"stat.useItem.minecraft.stone_pickaxe":324,"stat.useItem.minecraft.stone_sword":27,"stat.damageDealt":1066,"stat.mineBlock.minecraft.iron_ore":15,"stat.sleepInBed":3,"stat.timeSinceDeath":17209,"stat.craftItem.minecraft.baked_potato":14,"stat.mineBlock.minecraft.dirt":48,"stat.craftItem.minecraft.wooden_pickaxe":1,"stat.craftItem.minecraft.stone_shovel":1,"stat.walkOneCm":164657,"stat.useItem.minecraft.torch":12,"stat.useItem.minecraft.bread":10,"stat.useItem.minecraft.chest":1,"stat.pickup.minecraft.stick":6,"stat.useItem.minecraft.potato":26,"stat.pickup.minecraft.crafting_table":5,"stat.furnaceInteraction":11,"stat.craftItem.minecraft.crafting_table":2,"stat.pickup.minecraft.iron_shovel":2,"stat.pickup.srparasites.lurecomponent2":1,"stat.talkedToVillager":1,"stat.pickup.minecraft.log":59,"stat.pickup.minecraft.iron_pickaxe":2,"stat.craftItem.minecraft.stone_slab2":0,"stat.pickup.minecraft.leather_helmet":2,"stat.pickup.minecraft.sapling":8,"stat.sprintOneCm":82703,"stat.pickup.minecraft.apple":1,"stat.craftItem.minecraft.stick":16,"stat.pickup.minecraft.beetroot":3,"stat.craftItem.minecraft.planks":36,"stat.pickup.minecraft.potion":14,"stat.mineBlock.minecraft.fence":1,"stat.useItem.minecraft.wheat_seeds":61,"stat.mineBlock.minecraft.crafting_table":3,"stat.pickup.minecraft.bread":1,"stat.pickup.minecraft.stone_sword":1,"stat.mobKills":8,"stat.pickup.minecraft.leather_leggings":2,"stat.mineBlock.minecraft.log":23,"stat.deaths":2,"stat.drop":3,"stat.mineBlock.minecraft.leaves":5,"stat.pickup.minecraft.beetroot_seeds":4,"stat.playOneMinute":46118,"stat.pickup.minecraft.torch":11,"stat.mineBlock.srparasites.parasitecanister":1,"stat.useItem.minecraft.beetroot_seeds":2,"stat.sneakTime":8073,"stat.pickup.minecraft.item_frame":1,"stat.killEntity.Zombie":1,"stat.useItem.minecraft.baked_potato":2,"stat.drop.minecraft.bread":2,"stat.mineBlock.minecraft.stone":329,"stat.mineBlock.minecraft.tallgrass":15,"stat.diveOneCm":11625,"stat.useItem.minecraft.beetroot":3,"stat.pickup.minecraft.wheat":42}