{"stats":{"minecraft:dropped":{"minecraft:cooked_porkchop":4,"minecraft:mutton":1,"minecraft:spider_eye":3,"minecraft:birch_log":4},"minecraft:killed_by":{"minecraft:skeleton":2,"minecraft:zombie":1},"minecraft:used":{"minecraft:stone_sword":52,"minecraft:birch_planks":20,"minecraft:stone_pickaxe":204,"minecraft:baked_potato":1,"minecraft:wooden_pickaxe":8,"minecraft:cooked_salmon":2,"minecraft:rotten_flesh":2,"minecraft:dirt":32,"minecraft:crafting_table":6,"minecraft:campfire":1,"minecraft:birch_sapling":16,"minecraft:stone_axe":80,"minecraft:fishing_rod":43,"minecraft:cooked_cod":1,"minecraft:cooked_porkchop":2,"minecraft:birch_log":19},"minecraft:killed":{"minecraft:pig":5,"minecraft:spider":4,"minecraft:sheep":1,"minecraft:skeleton":4,"minecraft:zombie":4,"minecraft:drowned":1},"minecraft:mined":{"minecraft:crafting_table":5,"minecraft:grass_block":33,"minecraft:sugar_cane":3,"minecraft:birch_sapling":1,"minecraft:birch_planks":20,"minecraft:birch_log":59,"minecraft:iron_ore":5,"minecraft:birch_leaves":9,"minecraft:coal_ore":77,"minecraft:dirt":11,"minecraft:stone":128},"minecraft:broken":{"minecraft:stone_pickaxe":1},"minecraft:picked_up":{"minecraft:birch_log":84,"minecraft:fishing_rod":1,"minecraft:crafting_table":8,"minecraft:salmon":6,"minecraft:wooden_pickaxe":3,"minecraft:birch_planks":112,"minecraft:lily_pad":1,"minecraft:dirt":70,"minecraft:string":5,"minecraft:cooked_salmon":2,"minecraft:name_tag":1,"minecraft:pufferfish":5,"minecraft:bone":8,"minecraft:stone_pickaxe":3,"minecraft:light_gray_wool":1,"minecraft:sugar_cane":7,"minecraft:birch_sapling":16,"minecraft:raw_iron":8,"minecraft:stick":43,"minecraft:cooked_porkchop":10,"minecraft:porkchop":12,"minecraft:ink_sac":10,"minecraft:spider_eye":3,"minecraft:stone_sword":1,"minecraft:arrow":5,"minecraft:rotten_flesh":4,"minecraft:cooked_cod":1,"minecraft:stone_axe":3,"minecraft:baked_potato":1,"minecraft:mutton":1,"minecraft:coal":212,"minecraft:cod":18,"minecraft:cobblestone":231},"minecraft:crafted":{"minecraft:fishing_rod":1,"minecraft:crafting_table":1,"minecraft:wooden_pickaxe":1,"minecraft:birch_planks":48,"minecraft:campfire":1,"minecraft:stone_axe":1,"minecraft:stick":12,"minecraft:stone_pickaxe":2,"minecraft:stone_sword":1},"minecraft:custom":{"minecraft:mob_kills":20,"minecraft:interact_with_crafting_table":7,"minecraft:interact_with_campfire":15,"minecraft:time_since_death":41793,"minecraft:time_since_rest":41821,"minecraft:sprint_one_cm":75366,"minecraft:damage_taken":1281,"minecraft:walk_one_cm":86529,"minecraft:drop":12,"minecraft:damage_dealt":3431,"minecraft:swim_one_cm":11034,"minecraft:fly_one_cm":40463,"minecraft:player_kills":1,"minecraft:crouch_one_cm":21030,"minecraft:sneak_time":7670,"minecraft:play_time":57300,"minecraft:deaths":3,"minecraft:walk_under_water_one_cm":4385,"minecraft:jump":713,"minecraft:walk_on_water_one_cm":2965,"minecraft:total_world_time":57300,"minecraft:fish_caught":29,"minecraft:fall_one_cm":19126}},"DataVersion":3953}