{"stat.walkOneCm":30748,"stat.leaveGame":1,"stat.damageTaken":96,"stat.pickup.securitycraft.sentry":1,"stat.useItem.securitycraft.sentry":3,"stat.drop.securitycraft.keycard_lv2":1,"stat.flyOneCm":2683,"stat.drop.securitycraft.keycard_lv3":1,"stat.drop.securitycraft.keycard_lv4":1,"stat.drop":3,"stat.jump":44,"stat.playOneMinute":13636,"stat.sneakTime":553,"stat.damageDealt":130,"stat.crouchOneCm":2212,"stat.sleepInBed":1,"stat.timeSinceDeath":13636,"stat.sprintOneCm":3188,"stat.useItem.minecraft.stone_slab2":70,"stat.useItem.minecraft.spawn_egg":4}