{"stat.walkOneCm":107890,"stat.pickup.minecraft.bone":2,"stat.leaveGame":1,"stat.pickup.minecraft.arrow":1,"stat.damageTaken":96,"stat.pickup.securitycraft.sentry":2,"stat.useItem.securitycraft.sentry":3,"stat.drop.securitycraft.keycard_lv2":1,"stat.pickup.minecraft.string":4,"stat.flyOneCm":26643,"stat.drop.securitycraft.keycard_lv3":1,"stat.drop.securitycraft.keycard_lv4":1,"stat.drop":7,"stat.jump":60,"stat.playOneMinute":26236,"stat.drop.minecraft.string":3,"stat.sneakTime":1215,"stat.damageDealt":130,"stat.crouchOneCm":4758,"stat.sleepInBed":1,"stat.drop.minecraft.arrow":1,"stat.timeSinceDeath":26236,"stat.pickup.minecraft.sapling":1,"stat.sprintOneCm":4789,"stat.useItem.minecraft.stone_slab2":125,"stat.useItem.minecraft.spawn_egg":8}