{"stat.chestOpened":1,"stat.walkOneCm":20956,"stat.useItem.minecraft.torch":2,"stat.useItem.minecraft.bread":1,"stat.pickup.minecraft.stick":8,"stat.pickup.minecraft.crafting_table":1,"stat.mineBlock.minecraft.cobblestone":7,"stat.useItem.minecraft.cobblestone":2,"stat.pickup.minecraft.stone_pickaxe":1,"stat.craftItem.minecraft.crafting_table":1,"stat.pickup.minecraft.stone_axe":1,"stat.mineBlock.minecraft.coal_ore":39,"stat.pickup.minecraft.log":4,"stat.pickup.minecraft.string":15,"stat.jump":115,"stat.swimOneCm":106,"stat.pickup.minecraft.coal":48,"stat.fallOneCm":1265,"stat.crouchOneCm":11848,"stat.pickup.minecraft.spider_eye":2,"stat.craftItem.minecraft.torch":4,"stat.pickup.minecraft.sapling":1,"stat.pickup.minecraft.dirt":24,"stat.sprintOneCm":6937,"stat.useItem.minecraft.stone_slab2":3,"stat.craftItem.minecraft.stick":16,"stat.craftingTableInteraction":2,"stat.pickup.minecraft.iron_ore":14,"stat.entityKilledBy.Spider":1,"stat.craftItem.minecraft.planks":16,"stat.craftItem.minecraft.stone_axe":1,"stat.pickup.minecraft.wooden_pickaxe":1,"stat.mineBlock.minecraft.crafting_table":1,"stat.damageTaken":396,"stat.killEntity.Spider":9,"stat.pickup.minecraft.stone_sword":1,"stat.craftItem.minecraft.stone_pickaxe":1,"stat.mineBlock.minecraft.torch":1,"stat.useItem.minecraft.wooden_pickaxe":14,"stat.mobKills":9,"stat.pickup.minecraft.cobblestone":36,"stat.mineBlock.minecraft.log":5,"stat.pickup.minecraft.planks":1,"stat.craftItem.minecraft.stone_sword":1,"stat.flyOneCm":7674,"stat.deaths":1,"stat.mineBlock.minecraft.leaves":1,"stat.playOneMinute":10073,"stat.pickup.minecraft.torch":4,"stat.useItem.minecraft.stone_pickaxe":70,"stat.sneakTime":3848,"stat.useItem.minecraft.stone_sword":35,"stat.damageDealt":1320,"stat.mineBlock.minecraft.iron_ore":14,"stat.timeSinceDeath":4289,"stat.mineBlock.minecraft.dirt":12,"stat.craftItem.minecraft.wooden_pickaxe":1,"stat.mineBlock.minecraft.stone":24,"stat.mineBlock.minecraft.tallgrass":5}