{"stat.craftItem.minecraft.furnace":1,"stat.walkOneCm":17415,"stat.useItem.minecraft.sapling":1,"stat.mineBlock.minecraft.stonebrick":2,"stat.craftItem.minecraft.planks":40,"stat.craftItem.minecraft.stone_axe":1,"stat.pickup.minecraft.crafting_table":2,"stat.mineBlock.minecraft.cobblestone":1,"stat.craftItem.minecraft.cooked_porkchop":3,"stat.damageTaken":200,"stat.mineBlock.minecraft.crafting_table":2,"stat.pickup.minecraft.stonebrick":2,"stat.craftItem.minecraft.crafting_table":1,"stat.furnaceInteraction":3,"stat.craftItem.minecraft.stone_pickaxe":1,"stat.useItem.minecraft.wooden_pickaxe":21,"stat.useItem.minecraft.cooked_porkchop":1,"stat.pickup.minecraft.cobblestone":96,"stat.mineBlock.minecraft.log":23,"stat.pickup.minecraft.log":23,"stat.craftItem.minecraft.stone_sword":1,"stat.flyOneCm":5706,"stat.jump":110,"stat.mineBlock.minecraft.leaves":18,"stat.playOneMinute":9583,"stat.fallOneCm":1472,"stat.useItem.minecraft.stone_pickaxe":77,"stat.sneakTime":3519,"stat.useItem.minecraft.stone_sword":4,"stat.useItem.minecraft.stone_axe":17,"stat.craftItem.minecraft.stone_slab2":0,"stat.pickup.quark.tallow":3,"stat.damageDealt":348,"stat.pickup.minecraft.porkchop":3,"stat.crouchOneCm":8072,"stat.timeSinceDeath":9583,"stat.pickup.minecraft.sapling":5,"stat.pickup.minecraft.dirt":7,"stat.sprintOneCm":8659,"stat.mineBlock.minecraft.dirt":7,"stat.useItem.minecraft.stone_slab2":8,"stat.killEntity.Pig":1,"stat.craftItem.minecraft.wooden_pickaxe":1,"stat.mineBlock.minecraft.stone":95,"stat.mineBlock.minecraft.tallgrass":6,"stat.craftItem.minecraft.stick":12,"stat.craftingTableInteraction":4}