{"stats":{"minecraft:dropped":{"minecraft:birch_log":4},"minecraft:killed_by":{"minecraft:skeleton":2,"minecraft:zombie":1},"minecraft:used":{"minecraft:stone_sword":11,"minecraft:birch_planks":20,"minecraft:stone_pickaxe":111,"minecraft:birch_sapling":7,"minecraft:wooden_pickaxe":8,"minecraft:rotten_flesh":2,"minecraft:stone_axe":49,"minecraft:dirt":6,"minecraft:crafting_table":3,"minecraft:birch_log":8},"minecraft:killed":{"minecraft:skeleton":2,"minecraft:zombie":4},"minecraft:mined":{"minecraft:birch_planks":20,"minecraft:birch_log":32,"minecraft:iron_ore":1,"minecraft:birch_leaves":8,"minecraft:crafting_table":3,"minecraft:grass_block":7,"minecraft:coal_ore":67,"minecraft:dirt":5,"minecraft:stone":49,"minecraft:sugar_cane":3},"minecraft:picked_up":{"minecraft:birch_log":55,"minecraft:stick":41,"minecraft:crafting_table":6,"minecraft:raw_iron":4,"minecraft:wooden_pickaxe":3,"minecraft:birch_planks":112,"minecraft:dirt":21,"minecraft:stone_sword":1,"minecraft:bone":4,"minecraft:arrow":3,"minecraft:rotten_flesh":4,"minecraft:stone_axe":3,"minecraft:stone_pickaxe":3,"minecraft:baked_potato":1,"minecraft:sugar_cane":7,"minecraft:birch_sapling":7,"minecraft:coal":202,"minecraft:cobblestone":152},"minecraft:crafted":{"minecraft:crafting_table":1,"minecraft:stick":12,"minecraft:wooden_pickaxe":1,"minecraft:stone_pickaxe":1,"minecraft:stone_sword":1,"minecraft:birch_planks":48,"minecraft:stone_axe":1},"minecraft:custom":{"minecraft:time_since_rest":5821,"minecraft:sprint_one_cm":43703,"minecraft:damage_taken":950,"minecraft:walk_one_cm":43285,"minecraft:mob_kills":6,"minecraft:drop":4,"minecraft:damage_dealt":1412,"minecraft:swim_one_cm":7489,"minecraft:fly_one_cm":19278,"minecraft:interact_with_crafting_table":4,"minecraft:player_kills":1,"minecraft:crouch_one_cm":14695,"minecraft:play_time":21300,"minecraft:deaths":3,"minecraft:sneak_time":5038,"minecraft:walk_under_water_one_cm":876,"minecraft:jump":347,"minecraft:walk_on_water_one_cm":2008,"minecraft:time_since_death":5793,"minecraft:total_world_time":21300,"minecraft:fall_one_cm":12708}},"DataVersion":3953}