{"stat.chestOpened":3,"stat.pickup.minecraft.bone":1,"stat.pickup.minecraft.gravel":3,"stat.mineBlock.minecraft.cobblestone":14,"stat.craftItem.minecraft.cooked_porkchop":14,"stat.useItem.minecraft.glass_bottle":20,"stat.pickup.minecraft.stone_pickaxe":1,"stat.pickup.minecraft.stone_axe":1,"stat.pickup.minecraft.flint":1,"stat.mineBlock.srparasites.gore":3,"stat.craftItem.minecraft.wool":3,"stat.useItem.minecraft.potion":19,"stat.pickup.srparasites.parasitecanister":1,"stat.jump":454,"stat.swimOneCm":1543,"stat.pickup.minecraft.coal":70,"stat.fallOneCm":5445,"stat.useItem.minecraft.stone_axe":2,"stat.pickup.minecraft.porkchop":14,"stat.crouchOneCm":22347,"stat.mineBlock.minecraft.chest":1,"stat.pickup.minecraft.spider_eye":3,"stat.craftItem.minecraft.torch":4,"stat.craftItem.minecraft.iron_ingot":8,"stat.pickup.minecraft.dirt":36,"stat.useItem.minecraft.dirt":8,"stat.useItem.minecraft.stone_slab2":13,"stat.craftingTableInteraction":14,"stat.pickup.minecraft.iron_ore":14,"stat.pickup.minecraft.sand":3,"stat.craftItem.minecraft.furnace":1,"stat.entityKilledBy.Spider":1,"stat.craftItem.minecraft.flint_and_steel":1,"stat.craftItem.minecraft.stone_axe":1,"stat.pickup.minecraft.wooden_pickaxe":1,"stat.damageTaken":588,"stat.craftItem.minecraft.stone_pickaxe":2,"stat.mineBlock.minecraft.torch":5,"stat.useItem.minecraft.wooden_pickaxe":18,"stat.pickup.minecraft.cobblestone":146,"stat.pickup.minecraft.planks":1,"stat.craftItem.minecraft.stone_sword":1,"stat.flyOneCm":37405,"stat.craftItem.minecraft.glass_bottle":3,"stat.pickup.minecraft.wheat_seeds":3,"stat.mineBlock.minecraft.sand":3,"stat.pickup.minecraft.fish":1,"stat.pickup.srparasites.canisteractive":1,"stat.mineBlock.minecraft.gravel":4,"stat.useItem.minecraft.stone_pickaxe":207,"stat.useItem.minecraft.stone_sword":87,"stat.pickup.quark.tallow":13,"stat.damageDealt":3243,"stat.craftItem.minecraft.glass":3,"stat.mineBlock.minecraft.iron_ore":14,"stat.timeSinceDeath":28589,"stat.mineBlock.minecraft.dirt":19,"stat.craftItem.minecraft.wooden_pickaxe":1,"stat.killEntity.Pig":6,"stat.walkOneCm":102048,"stat.useItem.minecraft.bread":1,"stat.useItem.minecraft.torch":5,"stat.pickup.minecraft.stick":8,"stat.pickup.minecraft.crafting_table":2,"stat.useItem.minecraft.cobblestone":9,"stat.furnaceInteraction":11,"stat.craftItem.minecraft.crafting_table":1,"stat.useItem.minecraft.cooked_porkchop":4,"stat.pickup.srparasites.lurecomponent3":2,"stat.mineBlock.minecraft.coal_ore":61,"stat.mineBlock.srparasites.canisteractive":1,"stat.pickup.srparasites.lurecomponent1":6,"stat.pickup.minecraft.log":4,"stat.pickup.minecraft.string":16,"stat.craftItem.minecraft.stone_slab2":0,"stat.pickup.minecraft.sapling":3,"stat.sprintOneCm":31417,"stat.craftItem.minecraft.stick":16,"stat.craftItem.minecraft.planks":16,"stat.useItem.minecraft.flint_and_steel":1,"stat.mineBlock.minecraft.crafting_table":2,"stat.killEntity.Spider":11,"stat.pickup.minecraft.stone_sword":1,"stat.mobKills":22,"stat.mineBlock.minecraft.log":5,"stat.deaths":1,"stat.drop":1,"stat.mineBlock.minecraft.leaves":1,"stat.pickup.minecraft.egg":1,"stat.playOneMinute":34373,"stat.pickup.minecraft.torch":6,"stat.mineBlock.srparasites.parasitecanister":1,"stat.sneakTime":7429,"stat.drop.minecraft.glass_bottle":1,"stat.mineBlock.minecraft.stone":132,"stat.mineBlock.minecraft.tallgrass":6,"stat.diveOneCm":18622,"stat.pickup.minecraft.chest":1}