{"stats":{"minecraft:dropped":{"minecraft:birch_log":4},"minecraft:used":{"minecraft:stone_axe":16,"minecraft:dirt":6,"minecraft:crafting_table":2,"minecraft:stone_pickaxe":57,"minecraft:birch_sapling":6,"minecraft:birch_log":7,"minecraft:wooden_pickaxe":6},"minecraft:mined":{"minecraft:grass_block":4,"minecraft:coal_ore":29,"minecraft:dirt":5,"minecraft:birch_log":31,"minecraft:stone":34,"minecraft:birch_leaves":7,"minecraft:crafting_table":2},"minecraft:picked_up":{"minecraft:birch_log":31,"minecraft:crafting_table":2,"minecraft:stick":6,"minecraft:coal":29,"minecraft:dirt":9,"minecraft:birch_sapling":6,"minecraft:cobblestone":34},"minecraft:crafted":{"minecraft:birch_planks":48,"minecraft:stone_axe":1,"minecraft:crafting_table":1,"minecraft:stick":12,"minecraft:wooden_pickaxe":1,"minecraft:stone_pickaxe":1},"minecraft:custom":{"minecraft:time_since_rest":9300,"minecraft:crouch_one_cm":9077,"minecraft:play_time":9300,"minecraft:sprint_one_cm":8980,"minecraft:walk_one_cm":13916,"minecraft:sneak_time":2975,"minecraft:drop":4,"minecraft:jump":104,"minecraft:damage_dealt":220,"minecraft:time_since_death":9300,"minecraft:total_world_time":9300,"minecraft:player_kills":1,"minecraft:fall_one_cm":2835,"minecraft:interact_with_crafting_table":2,"minecraft:fly_one_cm":4203}},"DataVersion":3953}