{"stats":{"minecraft:dropped":{"minecraft:mutton":1,"minecraft:cooked_porkchop":4,"minecraft:birch_log":4},"minecraft:killed_by":{"minecraft:skeleton":2,"minecraft:zombie":1},"minecraft:used":{"minecraft:stone_sword":21,"minecraft:birch_planks":20,"minecraft:stone_pickaxe":197,"minecraft:birch_sapling":12,"minecraft:baked_potato":1,"minecraft:wooden_pickaxe":8,"minecraft:rotten_flesh":2,"minecraft:stone_axe":67,"minecraft:dirt":11,"minecraft:crafting_table":5,"minecraft:cooked_porkchop":2,"minecraft:birch_log":11,"minecraft:campfire":1},"minecraft:killed":{"minecraft:sheep":1,"minecraft:skeleton":2,"minecraft:pig":5,"minecraft:zombie":4},"minecraft:mined":{"minecraft:birch_sapling":1,"minecraft:birch_planks":20,"minecraft:birch_log":47,"minecraft:iron_ore":1,"minecraft:birch_leaves":8,"minecraft:crafting_table":5,"minecraft:grass_block":12,"minecraft:coal_ore":74,"minecraft:dirt":10,"minecraft:stone":128,"minecraft:sugar_cane":3},"minecraft:broken":{"minecraft:stone_pickaxe":1},"minecraft:picked_up":{"minecraft:birch_log":70,"minecraft:stick":43,"minecraft:crafting_table":8,"minecraft:raw_iron":4,"minecraft:cooked_porkchop":10,"minecraft:porkchop":12,"minecraft:wooden_pickaxe":3,"minecraft:birch_planks":112,"minecraft:dirt":31,"minecraft:stone_sword":1,"minecraft:bone":4,"minecraft:arrow":3,"minecraft:rotten_flesh":4,"minecraft:stone_axe":3,"minecraft:stone_pickaxe":3,"minecraft:light_gray_wool":1,"minecraft:baked_potato":1,"minecraft:sugar_cane":7,"minecraft:mutton":1,"minecraft:birch_sapling":12,"minecraft:coal":209,"minecraft:cobblestone":231},"minecraft:crafted":{"minecraft:crafting_table":1,"minecraft:stick":12,"minecraft:wooden_pickaxe":1,"minecraft:stone_pickaxe":2,"minecraft:stone_sword":1,"minecraft:birch_planks":48,"minecraft:campfire":1,"minecraft:stone_axe":1},"minecraft:custom":{"minecraft:time_since_rest":17821,"minecraft:sprint_one_cm":56801,"minecraft:damage_taken":950,"minecraft:walk_one_cm":61860,"minecraft:mob_kills":12,"minecraft:drop":9,"minecraft:damage_dealt":1992,"minecraft:swim_one_cm":9669,"minecraft:fly_one_cm":28078,"minecraft:interact_with_crafting_table":6,"minecraft:player_kills":1,"minecraft:interact_with_campfire":12,"minecraft:crouch_one_cm":18932,"minecraft:play_time":33300,"minecraft:deaths":3,"minecraft:sneak_time":7005,"minecraft:walk_under_water_one_cm":1526,"minecraft:jump":539,"minecraft:walk_on_water_one_cm":2090,"minecraft:time_since_death":17793,"minecraft:total_world_time":33300,"minecraft:fall_one_cm":14140}},"DataVersion":3953}