{"stat.walkOneCm":22974,"stat.pickup.minecraft.bone":4,"stat.pickup.minecraft.stick":5,"stat.pickup.minecraft.gravel":12,"stat.pickup.minecraft.arrow":4,"stat.pickup.minecraft.crafting_table":3,"stat.pickup.minecraft.clay_ball":20,"stat.pickup.minecraft.stone_pickaxe":1,"stat.craftItem.minecraft.crafting_table":2,"stat.pickup.minecraft.flint":2,"stat.pickup.minecraft.stone_axe":1,"stat.killEntity.ZombieVillager":1,"stat.mineBlock.minecraft.coal_ore":27,"stat.pickup.minecraft.log":19,"stat.pickup.minecraft.string":3,"stat.jump":91,"stat.swimOneCm":386,"stat.pickup.minecraft.coal":52,"stat.fallOneCm":829,"stat.mineBlock.minecraft.web":3,"stat.useItem.minecraft.stone_axe":1,"stat.crouchOneCm":9928,"stat.pickup.minecraft.sapling":6,"stat.pickup.minecraft.dirt":6,"stat.useItem.minecraft.dirt":2,"stat.sprintOneCm":4465,"stat.useItem.minecraft.stone_slab2":10,"stat.craftItem.minecraft.stick":16,"stat.craftingTableInteraction":3,"stat.pickup.minecraft.iron_ore":15,"stat.pickup.minecraft.rotten_flesh":7,"stat.pickup.minecraft.sand":1,"stat.useItem.minecraft.sapling":2,"stat.entityKilledBy.Spider":1,"stat.craftItem.minecraft.planks":36,"stat.craftItem.minecraft.stone_axe":1,"stat.pickup.minecraft.wooden_pickaxe":1,"stat.mineBlock.minecraft.crafting_table":2,"stat.damageTaken":310,"stat.pickup.minecraft.stone_sword":1,"stat.craftItem.minecraft.stone_pickaxe":2,"stat.useItem.minecraft.wooden_pickaxe":36,"stat.mineBlock.minecraft.sapling":1,"stat.pickup.minecraft.cobblestone":142,"stat.mobKills":5,"stat.mineBlock.minecraft.log":15,"stat.pickup.minecraft.planks":7,"stat.craftItem.minecraft.stone_sword":2,"stat.flyOneCm":1711,"stat.deaths":1,"stat.mineBlock.minecraft.leaves":8,"stat.playOneMinute":10350,"stat.mineBlock.minecraft.gravel":13,"stat.useItem.minecraft.stone_pickaxe":63,"stat.sneakTime":4461,"stat.useItem.minecraft.stone_sword":13,"stat.damageDealt":386,"stat.mineBlock.minecraft.iron_ore":9,"stat.killEntity.Zombie":5,"stat.timeSinceDeath":2999,"stat.mineBlock.minecraft.dirt":3,"stat.craftItem.minecraft.wooden_pickaxe":1,"stat.mineBlock.minecraft.stone":62}