{"stat.chestOpened":2,"stat.drop.minecraft.stone_pickaxe":1,"stat.cakeSlicesEaten":6,"stat.pickup.minecraft.iron_sword":3,"stat.useItem.minecraft.glass_bottle":23,"stat.pickup.minecraft.stone_pickaxe":3,"stat.pickup.minecraft.stone_axe":2,"stat.useItem.minecraft.apple":1,"stat.pickup.minecraft.leather_chestplate":2,"stat.useItem.minecraft.potion":23,"stat.pickup.srparasites.parasitecanister":2,"stat.jump":498,"stat.swimOneCm":4831,"stat.pickup.minecraft.fence":1,"stat.fallOneCm":8644,"stat.pickup.minecraft.iron_ingot":8,"stat.climbOneCm":268,"stat.useItem.minecraft.stone_axe":29,"stat.craftItem.minecraft.bread":10,"stat.crouchOneCm":19101,"stat.pickup.minecraft.dirt":143,"stat.pickup.minecraft.red_mushroom":3,"stat.useItem.minecraft.stone_slab2":24,"stat.mineBlock.minecraft.red_mushroom":1,"stat.craftingTableInteraction":9,"stat.pickup.minecraft.iron_ore":38,"stat.pickup.minecraft.rotten_flesh":1,"stat.pickup.minecraft.stone_shovel":2,"stat.useItem.minecraft.sapling":2,"stat.craftItem.minecraft.stone_axe":1,"stat.pickup.minecraft.wooden_pickaxe":3,"stat.damageTaken":642,"stat.craftItem.minecraft.stone_pickaxe":3,"stat.mineBlock.minecraft.torch":4,"stat.useItem.minecraft.wooden_pickaxe":19,"stat.useItem.minecraft.reeds":5,"stat.pickup.minecraft.cobblestone":565,"stat.pickup.srparasites.assimilated_flesh":2,"stat.pickup.minecraft.leather_boots":2,"stat.pickup.minecraft.planks":6,"stat.useItem.minecraft.stone_shovel":33,"stat.pickup.minecraft.reeds":6,"stat.craftItem.minecraft.stone_sword":1,"stat.flyOneCm":68558,"stat.pickup.minecraft.glass_bottle":4,"stat.pickup.minecraft.wheat_seeds":68,"stat.pickup.minecraft.potato":58,"stat.useItem.minecraft.stone_pickaxe":271,"stat.useItem.minecraft.stone_sword":14,"stat.damageDealt":573,"stat.mineBlock.minecraft.iron_ore":15,"stat.sleepInBed":2,"stat.timeSinceDeath":5509,"stat.mineBlock.minecraft.dirt":48,"stat.craftItem.minecraft.wooden_pickaxe":1,"stat.craftItem.minecraft.stone_shovel":1,"stat.walkOneCm":115793,"stat.useItem.minecraft.torch":2,"stat.useItem.minecraft.bread":9,"stat.pickup.minecraft.stick":6,"stat.useItem.minecraft.potato":12,"stat.pickup.minecraft.crafting_table":5,"stat.furnaceInteraction":1,"stat.craftItem.minecraft.crafting_table":2,"stat.pickup.minecraft.iron_shovel":2,"stat.talkedToVillager":1,"stat.pickup.minecraft.log":59,"stat.pickup.minecraft.iron_pickaxe":2,"stat.pickup.minecraft.leather_helmet":2,"stat.pickup.minecraft.sapling":8,"stat.sprintOneCm":74179,"stat.pickup.minecraft.apple":1,"stat.craftItem.minecraft.stick":12,"stat.pickup.minecraft.beetroot":3,"stat.craftItem.minecraft.planks":20,"stat.pickup.minecraft.potion":14,"stat.mineBlock.minecraft.fence":1,"stat.useItem.minecraft.wheat_seeds":49,"stat.mineBlock.minecraft.crafting_table":3,"stat.pickup.minecraft.bread":1,"stat.pickup.minecraft.stone_sword":1,"stat.mobKills":3,"stat.pickup.minecraft.leather_leggings":2,"stat.mineBlock.minecraft.log":23,"stat.deaths":2,"stat.drop":1,"stat.mineBlock.minecraft.leaves":5,"stat.pickup.minecraft.beetroot_seeds":4,"stat.playOneMinute":34418,"stat.pickup.minecraft.torch":5,"stat.mineBlock.srparasites.parasitecanister":1,"stat.useItem.minecraft.beetroot_seeds":2,"stat.sneakTime":7092,"stat.pickup.minecraft.item_frame":1,"stat.killEntity.Zombie":1,"stat.mineBlock.minecraft.stone":275,"stat.mineBlock.minecraft.tallgrass":15,"stat.diveOneCm":7215,"stat.useItem.minecraft.beetroot":3,"stat.pickup.minecraft.wheat":33}