{"stat.useItem.minecraft.splash_potion":104,"stat.useItem.srparasites.weapon_sword_sentient":6,"stat.walkOneCm":160503,"stat.pickup.minecraft.bone":5,"stat.drop.srparasites.lurecomponent2":1,"stat.leaveGame":2,"stat.pickup.minecraft.arrow":3,"stat.pickup.charm.totem_of_returning":1,"stat.pickup.securitycraft.sentry":2,"stat.pickup.srparasites.lurecomponent2":1,"stat.useItem.srparasites.itemmobspawner_flog":1,"stat.useItem.securitycraft.sentry":7,"stat.killEntity.Creeper":1,"stat.drop.securitycraft.keycard_lv2":1,"stat.pickup.minecraft.string":6,"stat.drop.securitycraft.keycard_lv3":1,"stat.drop.securitycraft.keycard_lv4":1,"stat.jump":281,"stat.pickup.minecraft.beef":3,"stat.useItem.srparasites.weapon_sword":4,"stat.drop.charm.totem_of_returning":2,"stat.crouchOneCm":6639,"stat.pickup.minecraft.sapling":1,"stat.sprintOneCm":19806,"stat.useItem.minecraft.stone_slab2":149,"stat.pickup.minecraft.rotten_flesh":4,"stat.killEntity.Skeleton":1,"stat.drop.minecraft.fish":1,"stat.useItem.charm.bat_bucket":3,"stat.damageTaken":96,"stat.mobKills":9,"stat.pickup.minecraft.spawn_egg":1,"stat.flyOneCm":146450,"stat.deaths":1,"stat.drop":12,"stat.playOneMinute":51004,"stat.pickup.minecraft.fish":60,"stat.drop.minecraft.string":3,"stat.killEntity.Sheep":1,"stat.sneakTime":1865,"stat.damageDealt":1659,"stat.sleepInBed":2,"stat.drop.minecraft.arrow":1,"stat.timeSinceDeath":1930,"stat.drop.srparasites.weapon_sword":1,"stat.useItem.minecraft.spawn_egg":13,"stat.pickup.minecraft.mutton":1}