{"stat.chestOpened":3,"stat.walkOneCm":67026,"stat.useItem.minecraft.torch":5,"stat.useItem.minecraft.bread":1,"stat.pickup.minecraft.bone":1,"stat.pickup.minecraft.stick":8,"stat.pickup.minecraft.gravel":3,"stat.pickup.minecraft.crafting_table":2,"stat.mineBlock.minecraft.cobblestone":14,"stat.craftItem.minecraft.cooked_porkchop":14,"stat.useItem.minecraft.glass_bottle":9,"stat.useItem.minecraft.cobblestone":9,"stat.pickup.minecraft.stone_pickaxe":1,"stat.craftItem.minecraft.crafting_table":1,"stat.pickup.minecraft.stone_axe":1,"stat.furnaceInteraction":10,"stat.pickup.minecraft.flint":1,"stat.useItem.minecraft.cooked_porkchop":2,"stat.mineBlock.minecraft.coal_ore":46,"stat.useItem.minecraft.potion":7,"stat.pickup.minecraft.log":4,"stat.pickup.minecraft.string":15,"stat.jump":261,"stat.swimOneCm":835,"stat.pickup.minecraft.coal":55,"stat.fallOneCm":3146,"stat.useItem.minecraft.stone_axe":2,"stat.craftItem.minecraft.stone_slab2":0,"stat.pickup.minecraft.porkchop":14,"stat.crouchOneCm":19180,"stat.mineBlock.minecraft.chest":1,"stat.pickup.minecraft.spider_eye":2,"stat.craftItem.minecraft.torch":4,"stat.craftItem.minecraft.iron_ingot":1,"stat.pickup.minecraft.sapling":2,"stat.pickup.minecraft.dirt":28,"stat.useItem.minecraft.dirt":6,"stat.sprintOneCm":15150,"stat.useItem.minecraft.stone_slab2":12,"stat.craftItem.minecraft.stick":16,"stat.craftingTableInteraction":7,"stat.pickup.minecraft.iron_ore":14,"stat.pickup.minecraft.sand":3,"stat.craftItem.minecraft.furnace":1,"stat.entityKilledBy.Spider":1,"stat.craftItem.minecraft.flint_and_steel":1,"stat.craftItem.minecraft.planks":16,"stat.craftItem.minecraft.stone_axe":1,"stat.useItem.minecraft.flint_and_steel":1,"stat.pickup.minecraft.wooden_pickaxe":1,"stat.mineBlock.minecraft.crafting_table":2,"stat.damageTaken":436,"stat.killEntity.Spider":9,"stat.pickup.minecraft.stone_sword":1,"stat.craftItem.minecraft.stone_pickaxe":2,"stat.mineBlock.minecraft.torch":4,"stat.useItem.minecraft.wooden_pickaxe":18,"stat.mobKills":17,"stat.pickup.minecraft.cobblestone":114,"stat.mineBlock.minecraft.log":5,"stat.pickup.minecraft.planks":1,"stat.craftItem.minecraft.stone_sword":1,"stat.flyOneCm":18070,"stat.craftItem.minecraft.glass_bottle":3,"stat.deaths":1,"stat.drop":1,"stat.mineBlock.minecraft.leaves":1,"stat.mineBlock.minecraft.sand":3,"stat.playOneMinute":21773,"stat.pickup.minecraft.torch":5,"stat.mineBlock.minecraft.gravel":4,"stat.useItem.minecraft.stone_pickaxe":157,"stat.sneakTime":6247,"stat.useItem.minecraft.stone_sword":57,"stat.pickup.quark.tallow":13,"stat.damageDealt":2218,"stat.craftItem.minecraft.glass":3,"stat.mineBlock.minecraft.iron_ore":14,"stat.timeSinceDeath":15989,"stat.drop.minecraft.glass_bottle":1,"stat.mineBlock.minecraft.dirt":16,"stat.craftItem.minecraft.wooden_pickaxe":1,"stat.mineBlock.minecraft.stone":100,"stat.killEntity.Pig":6,"stat.mineBlock.minecraft.tallgrass":6,"stat.diveOneCm":9378,"stat.pickup.minecraft.chest":1}